training_symbol,evaluation_symbol,cohort,role,candidate,trades,completed,censored,invalid_uncensored,wins,losses,flat_trades,win_rate,mean_net_R,median_net_R,sum_net_R,mean_gross_R,profit_factor,average_win_R,average_loss_R,active_days,calendar_days,median_holding_minutes,ambiguous,break_even_cost_atr,cluster_se,selection_score,closed_trade_return,closed_trade_max_drawdown,equity_ruin,illustrative_risk_fraction,drawdown_basis,baseline_mean_net_R,baseline_difference,mean_p,difference_p,p,bootstrap_repeats,bootstrap_seed,bootstrap_mean_valid_replicates,bootstrap_difference_valid_replicates,baseline_completed,baseline_active_days,paired_utc_day_resampling,empty_resamples_pvalue_policy,inference_status,day_p,weekly_p,weekly_block_days,weekly_bootstrap_repeats,weekly_bootstrap_seed,weekly_valid_mean_replicates,weekly_valid_difference_replicates,holm_p
BOOM500,BOOM500,reused_recent30,primary,SPIKE::CRT__sl2_h15,229,229,0,0,96,133,0,0.4192139737991266,-0.012853001838000342,-0.20435338243519074,-2.943337420902078,0.03714699816199966,0.9670412619256715,0.8995871618840363,-0.6714564282839817,55,55,15.0,0,0.07429399632399931,0.057883431456215516,-0.12630452749218277,-0.007986328467730619,0.0431513068961471,False,0.0025,closed trades only; fixed fractional risk illustration,-0.024837135951097655,0.011984134113097313,1.0,0.4195,1.0,9999,20261005,9999,9999,2591,55,True,conservative exceedance; omitted from CI,AVAILABLE,1.0,1.0,7,9999,20261005,9999,9999,
BOOM500,BOOM500,reused_recent30,selected,SPIKE::BB_SQUEEZE__sl4_h1,1141,1141,0,0,113,1028,0,0.09903593339176162,-0.024342020230538833,-0.05759279829675044,-27.77424508304481,0.0006579797694611684,0.5332423007108916,0.28079988334262723,-0.05788388317194717,55,55,1.0,0,0.0026319190778446738,0.003658166218430165,-0.03151202601866196,-0.06713000882943065,0.06740756674180137,False,0.0025,closed trades only; fixed fractional risk illustration,-0.025197192446702845,0.0008551722161640116,1.0,0.3969,1.0,9999,20261005,9999,9999,2591,55,True,conservative exceedance; omitted from CI,AVAILABLE,1.0,1.0,7,9999,20261005,9999,9999,
BOOM500,BOOM500,reused_older500,primary,SPIKE::CRT__sl2_h15,728,728,0,0,307,421,0,0.4217032967032967,-0.07206224379348973,-0.2525852119799002,-52.461313481660525,-0.022062243793489714,0.8314897123661683,0.8432012559886813,-0.7394871711880895,180,181,15.0,0,-0.04412448758697943,0.03604817068177611,-0.14271665832977093,-0.12484527496922437,0.13083775669914244,False,0.0025,closed trades only; fixed fractional risk illustration,-0.057167652394723725,-0.014894591398766005,1.0,1.0,1.0,9999,20261005,9999,9999,8619,181,True,conservative exceedance; omitted from CI,AVAILABLE,1.0,1.0,7,9999,20261005,9999,9999,
BOOM500,BOOM500,reused_older500,selected,SPIKE::BB_SQUEEZE__sl4_h1,3822,3822,0,0,381,3441,0,0.09968602825745683,-0.024885297375100594,-0.057373663290317636,-95.11160656763447,0.00011470262489940807,0.5226783658907813,0.2733581003695843,-0.057907888058252276,181,181,1.0,0,0.0004588104995976323,0.0019164708200085777,-0.028641580182317404,-0.21176089660908182,0.21341036727498042,False,0.0025,closed trades only; fixed fractional risk illustration,-0.025919179155846916,0.0010338817807463221,1.0,0.3183,1.0,9999,20261005,9999,9999,8619,181,True,conservative exceedance; omitted from CI,AVAILABLE,1.0,1.0,7,9999,20261005,9999,9999,
BOOM500,BOOM1000,cross_symbol_replication,primary,SPIKE::CRT__sl2_h15,505,505,0,0,180,325,0,0.3564356435643564,-0.1029683557629018,-0.6542103456309681,-51.999019660265404,-0.05296835576290179,0.8066686036937524,1.205356231269267,-0.8275788962730259,173,181,15.0,0,-0.10593671152580358,0.05418240317303116,-0.20916586598204287,-0.12388189226461144,0.13936765341156998,False,0.0025,closed trades only; fixed fractional risk illustration,-0.09164743691359402,-0.011320918849307776,1.0,1.0,1.0,9999,20261005,9999,9999,8619,181,True,conservative exceedance; omitted from CI,AVAILABLE,1.0,1.0,7,9999,20261005,9999,9999,1.0
BOOM500,BOOM1000,cross_symbol_replication,selected,SPIKE::BB_SQUEEZE__sl4_h1,3803,3803,0,0,228,3575,0,0.05995266894556929,-0.02126152904766753,-0.054602437274713554,-80.85759496827961,0.0037384709523324688,0.5923594071501476,0.5153399817930588,-0.05548394708170547,181,181,1.0,0,0.014953883809329875,0.002611315693773477,-0.026379707807463546,-0.18328238262699703,0.18448910068412738,False,0.0025,closed trades only; fixed fractional risk illustration,-0.024736325557282442,0.0034747965096149115,1.0,0.1238,1.0,9999,20261005,9999,9999,8619,181,True,conservative exceedance; omitted from CI,AVAILABLE,1.0,1.0,7,9999,20261005,9999,9999,1.0
CRASH500,CRASH500,reused_recent30,primary,SPIKE::CRT__sl2_h15,216,216,0,0,66,150,0,0.3055555555555556,-0.20357243107499734,-0.4567716218552488,-43.971645112199425,-0.15357243107499735,0.572990076768505,0.8940008089417245,-0.686504656682355,52,55,15.0,0,-0.3071448621499947,0.05323654872568269,-0.3079160665773354,-0.10461534855052512,0.11410645886783988,False,0.0025,closed trades only; fixed fractional risk illustration,-0.06665522931764463,-0.13691720175735272,1.0,1.0,1.0,9999,20261005,9999,9999,2591,55,True,conservative exceedance; omitted from CI,AVAILABLE,1.0,1.0,7,9999,20261005,9999,9999,
CRASH500,CRASH500,reused_recent30,selected,SPIKE::CRT_DISPLACEMENT__sl4_h5,145,145,0,0,44,101,0,0.30344827586206896,-0.04120521513072458,-0.17060487380332703,-5.974756193955065,-0.01620521513072459,0.6559357668108059,0.25887451366427877,-0.17193301777409242,46,55,5.0,0,-0.06482086052289836,0.0199704407904786,-0.08034727908006263,-0.01485285266795644,0.020969444322551767,False,0.0025,closed trades only; fixed fractional risk illustration,-0.02470513678143055,-0.01650007834929403,1.0,1.0,1.0,9999,20261005,9999,9999,2591,55,True,conservative exceedance; omitted from CI,AVAILABLE,1.0,1.0,7,9999,20261005,9999,9999,
CRASH500,CRASH500,reused_older500,primary,SPIKE::CRT__sl2_h15,736,736,0,0,296,440,0,0.40217391304347827,-0.031152785269418757,-0.241576638643465,-22.928449958292205,0.01884721473058127,0.925511745530735,0.9624476629312713,-0.6995749049680646,178,181,15.0,0,0.03769442946116254,0.03466713870334478,-0.09910037712797452,-0.057882080617475795,0.0819896694595097,False,0.0025,closed trades only; fixed fractional risk illustration,-0.06746869327999433,0.036315908010575576,1.0,0.1412,1.0,9999,20261005,9999,9999,8619,181,True,conservative exceedance; omitted from CI,AVAILABLE,1.0,1.0,7,9999,20261005,9999,9999,
CRASH500,CRASH500,reused_older500,selected,SPIKE::CRT_DISPLACEMENT__sl4_h5,535,535,0,0,154,381,0,0.28785046728971964,-0.032937369734777386,-0.1789580462410062,-17.621492808105902,-0.007937369734777381,0.739284295289365,0.32446381043564043,-0.17739873914749218,172,181,5.0,0,-0.031749478939109524,0.011607116169598959,-0.055687317427191345,-0.04321190146088827,0.04513379324240452,False,0.0025,closed trades only; fixed fractional risk illustration,-0.02507424797054248,-0.007863121764234905,1.0,1.0,1.0,9999,20261005,9999,9999,8619,181,True,conservative exceedance; omitted from CI,AVAILABLE,1.0,1.0,7,9999,20261005,9999,9999,
CRASH500,CRASH1000,cross_symbol_replication,primary,SPIKE::CRT__sl2_h15,484,484,0,0,164,320,0,0.33884297520661155,-0.10225718360412002,-0.6896796195246122,-49.49247686439409,-0.05225718360412004,0.8118309830672288,1.3020055833182935,-0.8219418516518571,171,181,15.0,0,-0.10451436720824007,0.056881236783868944,-0.21374440770050315,-0.1184301304202029,0.1338026737048722,False,0.0025,closed trades only; fixed fractional risk illustration,-0.067046497071732,-0.035210686532388014,1.0,1.0,1.0,9999,20261005,9999,9999,8619,181,True,conservative exceedance; omitted from CI,AVAILABLE,1.0,1.0,7,9999,20261005,9999,9999,1.0
CRASH500,CRASH1000,cross_symbol_replication,selected,SPIKE::CRT_DISPLACEMENT__sl4_h5,399,399,0,0,69,330,0,0.17293233082706766,-0.05704522813187286,-0.17328776214489713,-22.761046024617272,-0.03204522813187286,0.6142958350117715,0.5253713289979433,-0.17882323553174345,167,181,5.0,0,-0.12818091252749145,0.016909608408247564,-0.09018806061203809,-0.05545227174836753,0.05816430646951953,False,0.0025,closed trades only; fixed fractional risk illustration,-0.03117987570949634,-0.025865352422376524,1.0,1.0,1.0,9999,20261005,9999,9999,8619,181,True,conservative exceedance; omitted from CI,AVAILABLE,1.0,1.0,7,9999,20261005,9999,9999,1.0
