symbol,cohort,model,trades,completed,censored,invalid_uncensored,wins,losses,flat_trades,win_rate,mean_net_R,median_net_R,sum_net_R,mean_gross_R,profit_factor,average_win_R,average_loss_R,active_days,calendar_days,median_holding_minutes,ambiguous,break_even_cost_atr,cluster_se,selection_score,closed_trade_return,closed_trade_max_drawdown,equity_ruin,illustrative_risk_fraction,drawdown_basis,gain_sum_net_R,loss_sum_net_R,day_profit_factor_ci95,weekly_profit_factor_ci95,day_valid_replicates,day_undefined_replicates,weekly_valid_replicates,weekly_undefined_replicates,profit_factor_ci95,valid_replicates,undefined_replicates,block_days,day,weekly,selected,bootstrap_repeats,bootstrap_seed,paired_daily_gain_loss_resampling,undefined_ratio_policy,mean_net_R_ci95,weekly_mean_net_R_ci95,day_mean_valid_replicates,day_mean_undefined_replicates,weekly_mean_valid_replicates,weekly_mean_undefined_replicates,p,holm_p
BOOM600,old_final30_secondary,SHORT44_SPIKE,1,1,0,0,0,1,0,0.0,-0.11017645026705974,-0.11017645026705974,-0.11017645026705974,-0.060176450267059735,0.0,,-0.11017645026705974,1,55,1.0,0,-0.12035290053411947,0.0,-0.11017645026705974,-0.00027544112566768586,0.00027544112566768586,False,0.0025,closed trades only; fixed fractional risk illustration,0.0,0.11017645026705974,"[0.0, 0.0]","[0.0, 0.0]",6456,3543,6607,3392,"[0.0, 0.0]",6456,3543,1,"{'profit_factor_ci95': [0.0, 0.0], 'valid_replicates': 6456, 'undefined_replicates': 3543, 'no_loss_replicates': 3543, 'empty_replicates': 3543, 'nonfinite_ratio_replicates': 0, 'requested_block_days': 1, 'effective_block_days': 1, 'resampled_calendar_days': 55, 'resampling': 'iid_utc_days', 'inference_status': 'AVAILABLE'}","{'profit_factor_ci95': [0.0, 0.0], 'valid_replicates': 6607, 'undefined_replicates': 3392, 'no_loss_replicates': 3392, 'empty_replicates': 3392, 'nonfinite_ratio_replicates': 0, 'requested_block_days': 7, 'effective_block_days': 7, 'resampled_calendar_days': 55, 'resampling': 'circular_moving_utc_day_blocks', 'inference_status': 'AVAILABLE'}","{'profit_factor_ci95': [0.0, 0.0], 'valid_replicates': 6456, 'undefined_replicates': 3543, 'no_loss_replicates': 3543, 'empty_replicates': 3543, 'nonfinite_ratio_replicates': 0, 'requested_block_days': 1, 'effective_block_days': 1, 'resampled_calendar_days': 55, 'resampling': 'iid_utc_days', 'inference_status': 'AVAILABLE'}",9999,20261005,True,unknown; counted explicitly and omitted from finite-ratio percentile CI,"[-0.11017645026705974, -0.11017645026705974]","[-0.11017645026705974, -0.11017645026705974]",6288,3711,6607,3392,1.0,
BOOM600,old_final30_secondary,LONG44_SPIKE,267,267,0,0,16,251,0,0.0599250936329588,-0.07464511646194978,-0.11287854786708215,-19.930246095340593,-0.024645116461949782,0.30990793992439064,0.5593947049720809,-0.1150619975095374,54,55,1.0,0,-0.049290232923899564,0.011925247455917857,-0.09801860147554878,-0.0486350942849918,0.049071926503562735,False,0.0025,closed trades only; fixed fractional risk illustration,8.950315279553294,28.880561374893894,"[0.14429615677944302, 0.535811432670935]","[0.10042121514816696, 0.6029443853766815]",9999,0,9999,0,"[0.14429615677944302, 0.535811432670935]",9999,0,1,"{'profit_factor_ci95': [0.14429615677944302, 0.535811432670935], 'valid_replicates': 9999, 'undefined_replicates': 0, 'no_loss_replicates': 0, 'empty_replicates': 0, 'nonfinite_ratio_replicates': 0, 'requested_block_days': 1, 'effective_block_days': 1, 'resampled_calendar_days': 55, 'resampling': 'iid_utc_days', 'inference_status': 'AVAILABLE'}","{'profit_factor_ci95': [0.10042121514816696, 0.6029443853766815], 'valid_replicates': 9999, 'undefined_replicates': 0, 'no_loss_replicates': 0, 'empty_replicates': 0, 'nonfinite_ratio_replicates': 0, 'requested_block_days': 7, 'effective_block_days': 7, 'resampled_calendar_days': 55, 'resampling': 'circular_moving_utc_day_blocks', 'inference_status': 'AVAILABLE'}","{'profit_factor_ci95': [0.14429615677944302, 0.535811432670935], 'valid_replicates': 9999, 'undefined_replicates': 0, 'no_loss_replicates': 0, 'empty_replicates': 0, 'nonfinite_ratio_replicates': 0, 'requested_block_days': 1, 'effective_block_days': 1, 'resampled_calendar_days': 55, 'resampling': 'iid_utc_days', 'inference_status': 'AVAILABLE'}",9999,20261005,True,unknown; counted explicitly and omitted from finite-ratio percentile CI,"[-0.09544329050803753, -0.04912611238467931]","[-0.10082139115026953, -0.04116186789936533]",9999,0,9999,0,,
BOOM600,old_final30_secondary,CLOCK_SPIKE,2591,2591,0,0,218,2373,0,0.08413739868776535,-0.054700970762170946,-0.11105407646778594,-141.73021524478492,-0.004700970762170936,0.4740110750020008,0.585892369605675,-0.11355025361096588,55,55,1.0,0,-0.009401941524341872,0.004549571928270797,-0.06361813174158171,-0.2986795987565125,0.29977617304590853,False,0.0025,closed trades only; fixed fractional risk illustration,127.72453657403717,269.45475181882205,"[0.3957898559728335, 0.5562769240045633]","[0.40627698057151956, 0.5455872738111502]",9999,0,9999,0,"[0.3957898559728335, 0.5562769240045633]",9999,0,1,"{'profit_factor_ci95': [0.3957898559728335, 0.5562769240045633], 'valid_replicates': 9999, 'undefined_replicates': 0, 'no_loss_replicates': 0, 'empty_replicates': 0, 'nonfinite_ratio_replicates': 0, 'requested_block_days': 1, 'effective_block_days': 1, 'resampled_calendar_days': 55, 'resampling': 'iid_utc_days', 'inference_status': 'AVAILABLE'}","{'profit_factor_ci95': [0.40627698057151956, 0.5455872738111502], 'valid_replicates': 9999, 'undefined_replicates': 0, 'no_loss_replicates': 0, 'empty_replicates': 0, 'nonfinite_ratio_replicates': 0, 'requested_block_days': 7, 'effective_block_days': 7, 'resampled_calendar_days': 55, 'resampling': 'circular_moving_utc_day_blocks', 'inference_status': 'AVAILABLE'}","{'profit_factor_ci95': [0.3957898559728335, 0.5562769240045633], 'valid_replicates': 9999, 'undefined_replicates': 0, 'no_loss_replicates': 0, 'empty_replicates': 0, 'nonfinite_ratio_replicates': 0, 'requested_block_days': 1, 'effective_block_days': 1, 'resampled_calendar_days': 55, 'resampling': 'iid_utc_days', 'inference_status': 'AVAILABLE'}",9999,20261005,True,unknown; counted explicitly and omitted from finite-ratio percentile CI,"[-0.06327649489436783, -0.045540546843370985]","[-0.062358445730513606, -0.04687621399969522]",9999,0,9999,0,,
BOOM600,old_final30_secondary,SHORT44_DRIFT,0,0,0,0,0,0,0,,,,0.0,,,,,0,55,,0,,,,0.0,0.0,False,0.0025,closed trades only; fixed fractional risk illustration,0.0,0.0,"[None, None]","[None, None]",0,9999,0,9999,"[None, None]",0,9999,1,"{'profit_factor_ci95': [None, None], 'valid_replicates': 0, 'undefined_replicates': 9999, 'no_loss_replicates': 9999, 'empty_replicates': 9999, 'nonfinite_ratio_replicates': 0, 'requested_block_days': 1, 'effective_block_days': 1, 'resampled_calendar_days': 55, 'resampling': 'iid_utc_days', 'inference_status': 'NO_FINITE_RATIOS'}","{'profit_factor_ci95': [None, None], 'valid_replicates': 0, 'undefined_replicates': 9999, 'no_loss_replicates': 9999, 'empty_replicates': 9999, 'nonfinite_ratio_replicates': 0, 'requested_block_days': 7, 'effective_block_days': 7, 'resampled_calendar_days': 55, 'resampling': 'circular_moving_utc_day_blocks', 'inference_status': 'NO_FINITE_RATIOS'}","{'profit_factor_ci95': [None, None], 'valid_replicates': 0, 'undefined_replicates': 9999, 'no_loss_replicates': 9999, 'empty_replicates': 9999, 'nonfinite_ratio_replicates': 0, 'requested_block_days': 1, 'effective_block_days': 1, 'resampled_calendar_days': 55, 'resampling': 'iid_utc_days', 'inference_status': 'NO_FINITE_RATIOS'}",9999,20261005,True,unknown; counted explicitly and omitted from finite-ratio percentile CI,"[None, None]","[None, None]",0,9999,0,9999,1.0,
BOOM600,old_final30_secondary,LONG44_DRIFT,264,264,0,0,186,78,0,0.7045454545454546,-0.045420865411238305,0.008823161678426217,-11.991108468566912,0.004579134588761705,0.18382720787001,0.01452024903725153,-0.18835736909609865,54,55,1.0,0,0.00915826917752341,0.014875616039423138,-0.07457707284850765,-0.029577480899756425,0.029841100280195487,False,0.0025,closed trades only; fixed fractional risk illustration,2.7007663209287847,14.691874789495696,"[0.11294665394419624, 0.35618561403824917]","[0.11303446031802865, 0.3496148419940582]",9999,0,9999,0,"[0.11294665394419624, 0.35618561403824917]",9999,0,1,"{'profit_factor_ci95': [0.11294665394419624, 0.35618561403824917], 'valid_replicates': 9999, 'undefined_replicates': 0, 'no_loss_replicates': 0, 'empty_replicates': 0, 'nonfinite_ratio_replicates': 0, 'requested_block_days': 1, 'effective_block_days': 1, 'resampled_calendar_days': 55, 'resampling': 'iid_utc_days', 'inference_status': 'AVAILABLE'}","{'profit_factor_ci95': [0.11303446031802865, 0.3496148419940582], 'valid_replicates': 9999, 'undefined_replicates': 0, 'no_loss_replicates': 0, 'empty_replicates': 0, 'nonfinite_ratio_replicates': 0, 'requested_block_days': 7, 'effective_block_days': 7, 'resampled_calendar_days': 55, 'resampling': 'circular_moving_utc_day_blocks', 'inference_status': 'AVAILABLE'}","{'profit_factor_ci95': [0.11294665394419624, 0.35618561403824917], 'valid_replicates': 9999, 'undefined_replicates': 0, 'no_loss_replicates': 0, 'empty_replicates': 0, 'nonfinite_ratio_replicates': 0, 'requested_block_days': 1, 'effective_block_days': 1, 'resampled_calendar_days': 55, 'resampling': 'iid_utc_days', 'inference_status': 'AVAILABLE'}",9999,20261005,True,unknown; counted explicitly and omitted from finite-ratio percentile CI,"[-0.07670596241728486, -0.019544988012202787]","[-0.07574637801393475, -0.019729930387025755]",9999,0,9999,0,,
BOOM600,old_final30_secondary,CLOCK_DRIFT,2591,2591,0,0,1962,629,0,0.757236588189888,-0.04592761174236122,0.011054076467785931,-118.99844202445792,0.004072388257638788,0.22760747441250143,0.017872723214451706,-0.24493596974755513,55,55,1.0,0,0.008144776515277575,0.004633758616113651,-0.05500977862994398,-0.2576762096955131,0.2584656823992534,False,0.0025,closed trades only; fixed fractional risk illustration,35.06628294675425,154.0647249712122,"[0.19297477622666787, 0.27366716317468415]","[0.19621097640725269, 0.2681745376641653]",9999,0,9999,0,"[0.19297477622666787, 0.27366716317468415]",9999,0,1,"{'profit_factor_ci95': [0.19297477622666787, 0.27366716317468415], 'valid_replicates': 9999, 'undefined_replicates': 0, 'no_loss_replicates': 0, 'empty_replicates': 0, 'nonfinite_ratio_replicates': 0, 'requested_block_days': 1, 'effective_block_days': 1, 'resampled_calendar_days': 55, 'resampling': 'iid_utc_days', 'inference_status': 'AVAILABLE'}","{'profit_factor_ci95': [0.19621097640725269, 0.2681745376641653], 'valid_replicates': 9999, 'undefined_replicates': 0, 'no_loss_replicates': 0, 'empty_replicates': 0, 'nonfinite_ratio_replicates': 0, 'requested_block_days': 7, 'effective_block_days': 7, 'resampled_calendar_days': 55, 'resampling': 'circular_moving_utc_day_blocks', 'inference_status': 'AVAILABLE'}","{'profit_factor_ci95': [0.19297477622666787, 0.27366716317468415], 'valid_replicates': 9999, 'undefined_replicates': 0, 'no_loss_replicates': 0, 'empty_replicates': 0, 'nonfinite_ratio_replicates': 0, 'requested_block_days': 1, 'effective_block_days': 1, 'resampled_calendar_days': 55, 'resampling': 'iid_utc_days', 'inference_status': 'AVAILABLE'}",9999,20261005,True,unknown; counted explicitly and omitted from finite-ratio percentile CI,"[-0.0552233809334983, -0.03721899623850311]","[-0.05387970655659703, -0.038141583164720584]",9999,0,9999,0,,
BOOM600,later180_known_history_primary,SHORT44_SPIKE,8,8,0,0,0,8,0,0.0,-0.10832602960842788,-0.10321992633120741,-0.866608236867423,-0.058326029608427865,0.0,,-0.10832602960842788,8,181,1.0,0,-0.11665205921685573,0.011905825458296214,-0.13166144750668846,-0.0021644963078960577,0.0021644963078960577,False,0.0025,closed trades only; fixed fractional risk illustration,0.0,0.866608236867423,"[0.0, 0.0]","[0.0, 0.0]",9998,1,9998,1,"[0.0, 0.0]",9998,1,1,"{'profit_factor_ci95': [0.0, 0.0], 'valid_replicates': 9998, 'undefined_replicates': 1, 'no_loss_replicates': 1, 'empty_replicates': 1, 'nonfinite_ratio_replicates': 0, 'requested_block_days': 1, 'effective_block_days': 1, 'resampled_calendar_days': 181, 'resampling': 'iid_utc_days', 'inference_status': 'AVAILABLE'}","{'profit_factor_ci95': [0.0, 0.0], 'valid_replicates': 9998, 'undefined_replicates': 1, 'no_loss_replicates': 1, 'empty_replicates': 1, 'nonfinite_ratio_replicates': 0, 'requested_block_days': 7, 'effective_block_days': 7, 'resampled_calendar_days': 181, 'resampling': 'circular_moving_utc_day_blocks', 'inference_status': 'AVAILABLE'}","{'profit_factor_ci95': [0.0, 0.0], 'valid_replicates': 9998, 'undefined_replicates': 1, 'no_loss_replicates': 1, 'empty_replicates': 1, 'nonfinite_ratio_replicates': 0, 'requested_block_days': 1, 'effective_block_days': 1, 'resampled_calendar_days': 181, 'resampling': 'iid_utc_days', 'inference_status': 'AVAILABLE'}",9999,20261005,True,unknown; counted explicitly and omitted from finite-ratio percentile CI,"[-0.13222765619767854, -0.0822344344225552]","[-0.13273234637443257, -0.08223721221877543]",9997,2,9998,1,1.0,1.0
BOOM600,later180_known_history_primary,LONG44_SPIKE,909,909,0,0,70,839,0,0.07700770077007701,-0.05464259238750962,-0.11124066108220079,-49.67011648024624,-0.004642592387509613,0.48553455882289637,0.6696703624400957,-0.11507394737908574,174,181,1.0,0,-0.009285184775019226,0.008808494945118652,-0.07190724247994218,-0.11694269218936204,0.12024425884795054,False,0.0025,closed trades only; fixed fractional risk illustration,46.8769253708067,96.54704185105294,"[0.3437457270008924, 0.6528104914107811]","[0.35942694858570234, 0.6283689116915717]",9999,0,9999,0,"[0.3437457270008924, 0.6528104914107811]",9999,0,1,"{'profit_factor_ci95': [0.3437457270008924, 0.6528104914107811], 'valid_replicates': 9999, 'undefined_replicates': 0, 'no_loss_replicates': 0, 'empty_replicates': 0, 'nonfinite_ratio_replicates': 0, 'requested_block_days': 1, 'effective_block_days': 1, 'resampled_calendar_days': 181, 'resampling': 'iid_utc_days', 'inference_status': 'AVAILABLE'}","{'profit_factor_ci95': [0.35942694858570234, 0.6283689116915717], 'valid_replicates': 9999, 'undefined_replicates': 0, 'no_loss_replicates': 0, 'empty_replicates': 0, 'nonfinite_ratio_replicates': 0, 'requested_block_days': 7, 'effective_block_days': 7, 'resampled_calendar_days': 181, 'resampling': 'circular_moving_utc_day_blocks', 'inference_status': 'AVAILABLE'}","{'profit_factor_ci95': [0.3437457270008924, 0.6528104914107811], 'valid_replicates': 9999, 'undefined_replicates': 0, 'no_loss_replicates': 0, 'empty_replicates': 0, 'nonfinite_ratio_replicates': 0, 'requested_block_days': 1, 'effective_block_days': 1, 'resampled_calendar_days': 181, 'resampling': 'iid_utc_days', 'inference_status': 'AVAILABLE'}",9999,20261005,True,unknown; counted explicitly and omitted from finite-ratio percentile CI,"[-0.07093909054107923, -0.03625317147140216]","[-0.0691386993638568, -0.0387606660850228]",9999,0,9999,0,,
BOOM600,later180_known_history_primary,CLOCK_SPIKE,8392,8392,0,0,686,7706,0,0.08174451858913251,-0.052750965845444295,-0.11104845605293252,-442.6861053749685,-0.0027509658454442994,0.49413804572192827,0.630359135240729,-0.11356248016482075,176,181,1.0,0,-0.005501931690888599,0.002737174658175939,-0.058115828175469134,-0.6699173912888855,0.6699910287568218,False,0.0025,closed trades only; fixed fractional risk illustration,432.4263667751401,875.1124721501087,"[0.4464248448587731, 0.5444467346248376]","[0.45580966456050587, 0.5322774344171816]",9999,0,9999,0,"[0.4464248448587731, 0.5444467346248376]",9999,0,1,"{'profit_factor_ci95': [0.4464248448587731, 0.5444467346248376], 'valid_replicates': 9999, 'undefined_replicates': 0, 'no_loss_replicates': 0, 'empty_replicates': 0, 'nonfinite_ratio_replicates': 0, 'requested_block_days': 1, 'effective_block_days': 1, 'resampled_calendar_days': 181, 'resampling': 'iid_utc_days', 'inference_status': 'AVAILABLE'}","{'profit_factor_ci95': [0.45580966456050587, 0.5322774344171816], 'valid_replicates': 9999, 'undefined_replicates': 0, 'no_loss_replicates': 0, 'empty_replicates': 0, 'nonfinite_ratio_replicates': 0, 'requested_block_days': 7, 'effective_block_days': 7, 'resampled_calendar_days': 181, 'resampling': 'circular_moving_utc_day_blocks', 'inference_status': 'AVAILABLE'}","{'profit_factor_ci95': [0.4464248448587731, 0.5444467346248376], 'valid_replicates': 9999, 'undefined_replicates': 0, 'no_loss_replicates': 0, 'empty_replicates': 0, 'nonfinite_ratio_replicates': 0, 'requested_block_days': 1, 'effective_block_days': 1, 'resampled_calendar_days': 181, 'resampling': 'iid_utc_days', 'inference_status': 'AVAILABLE'}",9999,20261005,True,unknown; counted explicitly and omitted from finite-ratio percentile CI,"[-0.058005390440246864, -0.04728034396348485]","[-0.05713233967034098, -0.04843704417109933]",9999,0,9999,0,,
BOOM600,later180_known_history_primary,SHORT44_DRIFT,2,2,0,0,1,1,0,0.5,-0.0028336997794335475,-0.0028336997794335475,-0.005667399558867095,0.047166300220566455,0.26515575194340907,0.002044982451137621,-0.007712382010004716,2,181,1.0,0,0.09433260044113291,0.003459318653027905,-0.009613964339368241,-1.4168597470276545e-05,1.9280955025013924e-05,False,0.0025,closed trades only; fixed fractional risk illustration,0.002044982451137621,0.007712382010004716,"[0.0, 0.7954672558302271]","[0.0, 0.5303115038868181]",6265,3734,6454,3545,"[0.0, 0.7954672558302271]",6265,3734,1,"{'profit_factor_ci95': [0.0, 0.7954672558302271], 'valid_replicates': 6265, 'undefined_replicates': 3734, 'no_loss_replicates': 3734, 'empty_replicates': 1391, 'nonfinite_ratio_replicates': 0, 'requested_block_days': 1, 'effective_block_days': 1, 'resampled_calendar_days': 181, 'resampling': 'iid_utc_days', 'inference_status': 'AVAILABLE'}","{'profit_factor_ci95': [0.0, 0.5303115038868181], 'valid_replicates': 6454, 'undefined_replicates': 3545, 'no_loss_replicates': 3545, 'empty_replicates': 2647, 'nonfinite_ratio_replicates': 0, 'requested_block_days': 7, 'effective_block_days': 7, 'resampled_calendar_days': 181, 'resampling': 'circular_moving_utc_day_blocks', 'inference_status': 'AVAILABLE'}","{'profit_factor_ci95': [0.0, 0.7954672558302271], 'valid_replicates': 6265, 'undefined_replicates': 3734, 'no_loss_replicates': 3734, 'empty_replicates': 1391, 'nonfinite_ratio_replicates': 0, 'requested_block_days': 1, 'effective_block_days': 1, 'resampled_calendar_days': 181, 'resampling': 'iid_utc_days', 'inference_status': 'AVAILABLE'}",9999,20261005,True,unknown; counted explicitly and omitted from finite-ratio percentile CI,"[-0.007712382010004716, 0.002044982451137621]","[-0.007712382010004716, 0.002044982451137621]",8647,1352,7352,2647,1.0,1.0
BOOM600,later180_known_history_primary,LONG44_DRIFT,813,813,0,0,557,256,0,0.6851168511685117,-0.04619469408875793,0.007097791798168718,-37.5562862941602,0.0038053059112420724,0.1689718902545728,0.01370964452511025,-0.17653343083846332,174,181,1.0,0,0.007610611822484145,0.007493042023961162,-0.06088105645572181,-0.08972648869963584,0.08988822688182474,False,0.0025,closed trades only; fixed fractional risk illustration,7.636272000486409,45.1925582946466,"[0.12786100882777654, 0.23078269788051894]","[0.12755261104678103, 0.23195139376743304]",9999,0,9999,0,"[0.12786100882777654, 0.23078269788051894]",9999,0,1,"{'profit_factor_ci95': [0.12786100882777654, 0.23078269788051894], 'valid_replicates': 9999, 'undefined_replicates': 0, 'no_loss_replicates': 0, 'empty_replicates': 0, 'nonfinite_ratio_replicates': 0, 'requested_block_days': 1, 'effective_block_days': 1, 'resampled_calendar_days': 181, 'resampling': 'iid_utc_days', 'inference_status': 'AVAILABLE'}","{'profit_factor_ci95': [0.12755261104678103, 0.23195139376743304], 'valid_replicates': 9999, 'undefined_replicates': 0, 'no_loss_replicates': 0, 'empty_replicates': 0, 'nonfinite_ratio_replicates': 0, 'requested_block_days': 7, 'effective_block_days': 7, 'resampled_calendar_days': 181, 'resampling': 'circular_moving_utc_day_blocks', 'inference_status': 'AVAILABLE'}","{'profit_factor_ci95': [0.12786100882777654, 0.23078269788051894], 'valid_replicates': 9999, 'undefined_replicates': 0, 'no_loss_replicates': 0, 'empty_replicates': 0, 'nonfinite_ratio_replicates': 0, 'requested_block_days': 1, 'effective_block_days': 1, 'resampled_calendar_days': 181, 'resampling': 'iid_utc_days', 'inference_status': 'AVAILABLE'}",9999,20261005,True,unknown; counted explicitly and omitted from finite-ratio percentile CI,"[-0.06180192278965992, -0.03193774610987532]","[-0.06181509843582479, -0.03215106319202567]",9999,0,9999,0,,
BOOM600,later180_known_history_primary,CLOCK_DRIFT,8392,8392,0,0,6375,2017,0,0.7596520495710201,-0.0479207751726743,0.011048456052932518,-402.1511452490827,0.002079224827325713,0.2226503853340789,0.018068253876506214,-0.25648798399197315,176,181,1.0,0,0.004158449654651426,0.002771215275429367,-0.053352357112515854,-0.634730245358313,0.6351557001773638,False,0.0025,closed trades only; fixed fractional risk illustration,115.18511846272712,517.3362637118098,"[0.20206867398489878, 0.24659418038305997]","[0.20520335439991888, 0.24360045277450598]",9999,0,9999,0,"[0.20206867398489878, 0.24659418038305997]",9999,0,1,"{'profit_factor_ci95': [0.20206867398489878, 0.24659418038305997], 'valid_replicates': 9999, 'undefined_replicates': 0, 'no_loss_replicates': 0, 'empty_replicates': 0, 'nonfinite_ratio_replicates': 0, 'requested_block_days': 1, 'effective_block_days': 1, 'resampled_calendar_days': 181, 'resampling': 'iid_utc_days', 'inference_status': 'AVAILABLE'}","{'profit_factor_ci95': [0.20520335439991888, 0.24360045277450598], 'valid_replicates': 9999, 'undefined_replicates': 0, 'no_loss_replicates': 0, 'empty_replicates': 0, 'nonfinite_ratio_replicates': 0, 'requested_block_days': 7, 'effective_block_days': 7, 'resampled_calendar_days': 181, 'resampling': 'circular_moving_utc_day_blocks', 'inference_status': 'AVAILABLE'}","{'profit_factor_ci95': [0.20206867398489878, 0.24659418038305997], 'valid_replicates': 9999, 'undefined_replicates': 0, 'no_loss_replicates': 0, 'empty_replicates': 0, 'nonfinite_ratio_replicates': 0, 'requested_block_days': 1, 'effective_block_days': 1, 'resampled_calendar_days': 181, 'resampling': 'iid_utc_days', 'inference_status': 'AVAILABLE'}",9999,20261005,True,unknown; counted explicitly and omitted from finite-ratio percentile CI,"[-0.05346518853225562, -0.042600287137400564]","[-0.05227548867552055, -0.043491491618159295]",9999,0,9999,0,,
CRASH600,old_final30_secondary,SHORT44_SPIKE,37,37,0,0,4,33,0,0.10810810810810811,-0.061886908903421856,-0.12181362821103409,-2.2898156294266085,-0.011886908903421832,0.4391048837561617,0.44815385116729406,-0.12371003133623587,27,55,1.0,0,-0.023773817806843664,0.03911844221819898,-0.13855905565109186,-0.0057148454700806095,0.0057148454700806095,False,0.0025,closed trades only; fixed fractional risk illustration,1.792615404669176,4.082431034095784,"[0.0, 1.3032522341606456]","[0.034481164999680146, 1.282342649914448]",9999,0,9999,0,"[0.0, 1.3032522341606456]",9999,0,1,"{'profit_factor_ci95': [0.0, 1.3032522341606456], 'valid_replicates': 9999, 'undefined_replicates': 0, 'no_loss_replicates': 0, 'empty_replicates': 0, 'nonfinite_ratio_replicates': 0, 'requested_block_days': 1, 'effective_block_days': 1, 'resampled_calendar_days': 55, 'resampling': 'iid_utc_days', 'inference_status': 'AVAILABLE'}","{'profit_factor_ci95': [0.034481164999680146, 1.282342649914448], 'valid_replicates': 9999, 'undefined_replicates': 0, 'no_loss_replicates': 0, 'empty_replicates': 0, 'nonfinite_ratio_replicates': 0, 'requested_block_days': 7, 'effective_block_days': 7, 'resampled_calendar_days': 55, 'resampling': 'circular_moving_utc_day_blocks', 'inference_status': 'AVAILABLE'}","{'profit_factor_ci95': [0.0, 1.3032522341606456], 'valid_replicates': 9999, 'undefined_replicates': 0, 'no_loss_replicates': 0, 'empty_replicates': 0, 'nonfinite_ratio_replicates': 0, 'requested_block_days': 1, 'effective_block_days': 1, 'resampled_calendar_days': 55, 'resampling': 'iid_utc_days', 'inference_status': 'AVAILABLE'}",9999,20261005,True,unknown; counted explicitly and omitted from finite-ratio percentile CI,"[-0.1247451846573129, 0.028453907574020276]","[-0.11462562828033418, 0.029622382936259316]",9999,0,9999,0,1.0,
CRASH600,old_final30_secondary,LONG44_SPIKE,268,268,0,0,19,249,0,0.0708955223880597,-0.06529835395225736,-0.1074252725676898,-17.499958859204973,-0.015298353952257362,0.3647010314907857,0.5287401235569694,-0.11062659119191721,52,55,1.0,0,-0.030596707904514724,0.011659957510674732,-0.08815187067317984,-0.042838347696178,0.042838347696178,False,0.0025,closed trades only; fixed fractional risk illustration,10.046062347582419,27.54602120678739,"[0.17909471194601873, 0.5785158573136692]","[0.21070236950969892, 0.522747610694099]",9999,0,9999,0,"[0.17909471194601873, 0.5785158573136692]",9999,0,1,"{'profit_factor_ci95': [0.17909471194601873, 0.5785158573136692], 'valid_replicates': 9999, 'undefined_replicates': 0, 'no_loss_replicates': 0, 'empty_replicates': 0, 'nonfinite_ratio_replicates': 0, 'requested_block_days': 1, 'effective_block_days': 1, 'resampled_calendar_days': 55, 'resampling': 'iid_utc_days', 'inference_status': 'AVAILABLE'}","{'profit_factor_ci95': [0.21070236950969892, 0.522747610694099], 'valid_replicates': 9999, 'undefined_replicates': 0, 'no_loss_replicates': 0, 'empty_replicates': 0, 'nonfinite_ratio_replicates': 0, 'requested_block_days': 7, 'effective_block_days': 7, 'resampled_calendar_days': 55, 'resampling': 'circular_moving_utc_day_blocks', 'inference_status': 'AVAILABLE'}","{'profit_factor_ci95': [0.17909471194601873, 0.5785158573136692], 'valid_replicates': 9999, 'undefined_replicates': 0, 'no_loss_replicates': 0, 'empty_replicates': 0, 'nonfinite_ratio_replicates': 0, 'requested_block_days': 1, 'effective_block_days': 1, 'resampled_calendar_days': 55, 'resampling': 'iid_utc_days', 'inference_status': 'AVAILABLE'}",9999,20261005,True,unknown; counted explicitly and omitted from finite-ratio percentile CI,"[-0.0866094279167884, -0.041895545340984906]","[-0.08208493982796729, -0.048188827794672276]",9999,0,9999,0,,
CRASH600,old_final30_secondary,CLOCK_SPIKE,2591,2591,0,0,212,2379,0,0.08182169046700116,-0.053358004808374805,-0.11140671358660081,-138.25059045849912,-0.0033580048083748,0.48894299121374785,0.6239072183553879,-0.1137111898906437,55,55,1.0,0,-0.0067160096167496,0.0044862082159713955,-0.06215097291167874,-0.29257828034660094,0.29257828034660094,False,0.0025,closed trades only; fixed fractional risk illustration,132.26833029134224,270.51892074984136,"[0.41235854190449167, 0.569407120918415]","[0.40672764561697494, 0.570264372207405]",9999,0,9999,0,"[0.41235854190449167, 0.569407120918415]",9999,0,1,"{'profit_factor_ci95': [0.41235854190449167, 0.569407120918415], 'valid_replicates': 9999, 'undefined_replicates': 0, 'no_loss_replicates': 0, 'empty_replicates': 0, 'nonfinite_ratio_replicates': 0, 'requested_block_days': 1, 'effective_block_days': 1, 'resampled_calendar_days': 55, 'resampling': 'iid_utc_days', 'inference_status': 'AVAILABLE'}","{'profit_factor_ci95': [0.40672764561697494, 0.570264372207405], 'valid_replicates': 9999, 'undefined_replicates': 0, 'no_loss_replicates': 0, 'empty_replicates': 0, 'nonfinite_ratio_replicates': 0, 'requested_block_days': 7, 'effective_block_days': 7, 'resampled_calendar_days': 55, 'resampling': 'circular_moving_utc_day_blocks', 'inference_status': 'AVAILABLE'}","{'profit_factor_ci95': [0.41235854190449167, 0.569407120918415], 'valid_replicates': 9999, 'undefined_replicates': 0, 'no_loss_replicates': 0, 'empty_replicates': 0, 'nonfinite_ratio_replicates': 0, 'requested_block_days': 1, 'effective_block_days': 1, 'resampled_calendar_days': 55, 'resampling': 'iid_utc_days', 'inference_status': 'AVAILABLE'}",9999,20261005,True,unknown; counted explicitly and omitted from finite-ratio percentile CI,"[-0.062006065523440186, -0.04456956585477193]","[-0.06270314024581711, -0.04442819407829165]",9999,0,9999,0,,
CRASH600,old_final30_secondary,SHORT44_DRIFT,1,1,0,0,1,0,0,1.0,0.0014284182082048708,0.0014284182082048708,0.0014284182082048708,0.051428418208204874,,0.0014284182082048708,,1,55,1.0,0,0.10285683641640975,0.0,0.0014284182082048708,3.5710455206228175e-06,0.0,False,0.0025,closed trades only; fixed fractional risk illustration,0.0014284182082048708,0.0,"[None, None]","[None, None]",0,9999,0,9999,"[None, None]",0,9999,1,"{'profit_factor_ci95': [None, None], 'valid_replicates': 0, 'undefined_replicates': 9999, 'no_loss_replicates': 9999, 'empty_replicates': 3648, 'nonfinite_ratio_replicates': 0, 'requested_block_days': 1, 'effective_block_days': 1, 'resampled_calendar_days': 55, 'resampling': 'iid_utc_days', 'inference_status': 'NO_FINITE_RATIOS'}","{'profit_factor_ci95': [None, None], 'valid_replicates': 0, 'undefined_replicates': 9999, 'no_loss_replicates': 9999, 'empty_replicates': 3545, 'nonfinite_ratio_replicates': 0, 'requested_block_days': 7, 'effective_block_days': 7, 'resampled_calendar_days': 55, 'resampling': 'circular_moving_utc_day_blocks', 'inference_status': 'NO_FINITE_RATIOS'}","{'profit_factor_ci95': [None, None], 'valid_replicates': 0, 'undefined_replicates': 9999, 'no_loss_replicates': 9999, 'empty_replicates': 3648, 'nonfinite_ratio_replicates': 0, 'requested_block_days': 1, 'effective_block_days': 1, 'resampled_calendar_days': 55, 'resampling': 'iid_utc_days', 'inference_status': 'NO_FINITE_RATIOS'}",9999,20261005,True,unknown; counted explicitly and omitted from finite-ratio percentile CI,"[0.0014284182082048708, 0.0014284182082048708]","[0.0014284182082048708, 0.0014284182082048708]",6325,3674,6454,3545,1.0,
CRASH600,old_final30_secondary,LONG44_DRIFT,550,550,0,0,404,146,0,0.7345454545454545,-0.0505645477014684,0.009258494079399382,-27.81050123580762,-0.0005645477014683968,0.1912289234572789,0.01627629002332263,-0.23552138633719158,54,55,1.0,0,-0.0011290954029367936,0.010474451815330233,-0.07109447325951565,-0.06725079406532386,0.06748903401773221,False,0.0025,closed trades only; fixed fractional risk illustration,6.575621169422344,34.38612240522996,"[0.13647087063158242, 0.28570139823676166]","[0.15253441912115936, 0.2534079061980261]",9999,0,9999,0,"[0.13647087063158242, 0.28570139823676166]",9999,0,1,"{'profit_factor_ci95': [0.13647087063158242, 0.28570139823676166], 'valid_replicates': 9999, 'undefined_replicates': 0, 'no_loss_replicates': 0, 'empty_replicates': 0, 'nonfinite_ratio_replicates': 0, 'requested_block_days': 1, 'effective_block_days': 1, 'resampled_calendar_days': 55, 'resampling': 'iid_utc_days', 'inference_status': 'AVAILABLE'}","{'profit_factor_ci95': [0.15253441912115936, 0.2534079061980261], 'valid_replicates': 9999, 'undefined_replicates': 0, 'no_loss_replicates': 0, 'empty_replicates': 0, 'nonfinite_ratio_replicates': 0, 'requested_block_days': 7, 'effective_block_days': 7, 'resampled_calendar_days': 55, 'resampling': 'circular_moving_utc_day_blocks', 'inference_status': 'AVAILABLE'}","{'profit_factor_ci95': [0.13647087063158242, 0.28570139823676166], 'valid_replicates': 9999, 'undefined_replicates': 0, 'no_loss_replicates': 0, 'empty_replicates': 0, 'nonfinite_ratio_replicates': 0, 'requested_block_days': 1, 'effective_block_days': 1, 'resampled_calendar_days': 55, 'resampling': 'iid_utc_days', 'inference_status': 'AVAILABLE'}",9999,20261005,True,unknown; counted explicitly and omitted from finite-ratio percentile CI,"[-0.0714573172470357, -0.031420425854484325]","[-0.06445955177757325, -0.03610457330966733]",9999,0,9999,0,,
CRASH600,old_final30_secondary,CLOCK_DRIFT,2591,2591,0,0,1967,624,0,0.7591663450405249,-0.047180690625825826,0.011406713586600802,-122.24516941151472,0.002819309374174175,0.2269221332194091,0.018242357598266958,-0.25341007501170804,55,55,1.0,0,0.00563861874834835,0.004546852731224314,-0.05609252197902548,-0.2637045844401845,0.2653907859896778,False,0.0025,closed trades only; fixed fractional risk illustration,35.882717395791104,158.12788680730586,"[0.19449381686185618, 0.2688075483073345]","[0.19318344900010395, 0.278147544676795]",9999,0,9999,0,"[0.19449381686185618, 0.2688075483073345]",9999,0,1,"{'profit_factor_ci95': [0.19449381686185618, 0.2688075483073345], 'valid_replicates': 9999, 'undefined_replicates': 0, 'no_loss_replicates': 0, 'empty_replicates': 0, 'nonfinite_ratio_replicates': 0, 'requested_block_days': 1, 'effective_block_days': 1, 'resampled_calendar_days': 55, 'resampling': 'iid_utc_days', 'inference_status': 'AVAILABLE'}","{'profit_factor_ci95': [0.19318344900010395, 0.278147544676795], 'valid_replicates': 9999, 'undefined_replicates': 0, 'no_loss_replicates': 0, 'empty_replicates': 0, 'nonfinite_ratio_replicates': 0, 'requested_block_days': 7, 'effective_block_days': 7, 'resampled_calendar_days': 55, 'resampling': 'circular_moving_utc_day_blocks', 'inference_status': 'AVAILABLE'}","{'profit_factor_ci95': [0.19449381686185618, 0.2688075483073345], 'valid_replicates': 9999, 'undefined_replicates': 0, 'no_loss_replicates': 0, 'empty_replicates': 0, 'nonfinite_ratio_replicates': 0, 'requested_block_days': 1, 'effective_block_days': 1, 'resampled_calendar_days': 55, 'resampling': 'iid_utc_days', 'inference_status': 'AVAILABLE'}",9999,20261005,True,unknown; counted explicitly and omitted from finite-ratio percentile CI,"[-0.05609531360547415, -0.038410048356719906]","[-0.056206832828285244, -0.037702831233785074]",9999,0,9999,0,,
CRASH600,later180_known_history_primary,SHORT44_SPIKE,104,104,0,0,6,98,0,0.057692307692307696,-0.08311639938735385,-0.12310717584569604,-8.644105536284801,-0.03311639938735387,0.284500865311233,0.5728531281369966,-0.12327779903170187,84,181,1.0,0,-0.06623279877470774,0.019088343097096214,-0.12052955185766243,-0.02139304583528545,0.02139304583528545,False,0.0025,closed trades only; fixed fractional risk illustration,3.4371187688219793,12.081224305106783,"[0.054353780760243456, 0.6303989581089419]","[0.037517445916968276, 0.6313083329424026]",9999,0,9999,0,"[0.054353780760243456, 0.6303989581089419]",9999,0,1,"{'profit_factor_ci95': [0.054353780760243456, 0.6303989581089419], 'valid_replicates': 9999, 'undefined_replicates': 0, 'no_loss_replicates': 0, 'empty_replicates': 0, 'nonfinite_ratio_replicates': 0, 'requested_block_days': 1, 'effective_block_days': 1, 'resampled_calendar_days': 181, 'resampling': 'iid_utc_days', 'inference_status': 'AVAILABLE'}","{'profit_factor_ci95': [0.037517445916968276, 0.6313083329424026], 'valid_replicates': 9999, 'undefined_replicates': 0, 'no_loss_replicates': 0, 'empty_replicates': 0, 'nonfinite_ratio_replicates': 0, 'requested_block_days': 7, 'effective_block_days': 7, 'resampled_calendar_days': 181, 'resampling': 'circular_moving_utc_day_blocks', 'inference_status': 'AVAILABLE'}","{'profit_factor_ci95': [0.054353780760243456, 0.6303989581089419], 'valid_replicates': 9999, 'undefined_replicates': 0, 'no_loss_replicates': 0, 'empty_replicates': 0, 'nonfinite_ratio_replicates': 0, 'requested_block_days': 1, 'effective_block_days': 1, 'resampled_calendar_days': 181, 'resampling': 'iid_utc_days', 'inference_status': 'AVAILABLE'}",9999,20261005,True,unknown; counted explicitly and omitted from finite-ratio percentile CI,"[-0.1149560549158611, -0.04251461042173695]","[-0.11724088400209512, -0.04062185915376593]",9999,0,9999,0,1.0,1.0
CRASH600,later180_known_history_primary,LONG44_SPIKE,851,851,0,0,63,788,0,0.07403055229142186,-0.061059591366927346,-0.10954422845749841,-51.96171225325517,-0.011059591366927335,0.4139353445496606,0.58254554380084,-0.11251533186891889,172,181,1.0,0,-0.02211918273385467,0.007734541938385114,-0.07621929356616217,-0.12194175859962353,0.12216009263346617,False,0.0025,closed trades only; fixed fractional risk illustration,36.70036925945291,88.66208151270808,"[0.2893229821936756, 0.5536693295313058]","[0.2856888859286043, 0.564032219603782]",9999,0,9999,0,"[0.2893229821936756, 0.5536693295313058]",9999,0,1,"{'profit_factor_ci95': [0.2893229821936756, 0.5536693295313058], 'valid_replicates': 9999, 'undefined_replicates': 0, 'no_loss_replicates': 0, 'empty_replicates': 0, 'nonfinite_ratio_replicates': 0, 'requested_block_days': 1, 'effective_block_days': 1, 'resampled_calendar_days': 181, 'resampling': 'iid_utc_days', 'inference_status': 'AVAILABLE'}","{'profit_factor_ci95': [0.2856888859286043, 0.564032219603782], 'valid_replicates': 9999, 'undefined_replicates': 0, 'no_loss_replicates': 0, 'empty_replicates': 0, 'nonfinite_ratio_replicates': 0, 'requested_block_days': 7, 'effective_block_days': 7, 'resampled_calendar_days': 181, 'resampling': 'circular_moving_utc_day_blocks', 'inference_status': 'AVAILABLE'}","{'profit_factor_ci95': [0.2893229821936756, 0.5536693295313058], 'valid_replicates': 9999, 'undefined_replicates': 0, 'no_loss_replicates': 0, 'empty_replicates': 0, 'nonfinite_ratio_replicates': 0, 'requested_block_days': 1, 'effective_block_days': 1, 'resampled_calendar_days': 181, 'resampling': 'iid_utc_days', 'inference_status': 'AVAILABLE'}",9999,20261005,True,unknown; counted explicitly and omitted from finite-ratio percentile CI,"[-0.07532363286968562, -0.04499709552578744]","[-0.07584497982013556, -0.044517615797656535]",9999,0,9999,0,,
CRASH600,later180_known_history_primary,CLOCK_SPIKE,8392,8392,0,0,700,7692,0,0.08341277407054337,-0.05159574066775165,-0.11063648750456712,-432.99145568377185,-0.0015957406677516465,0.5036412161170801,0.6276345440603078,-0.11340816907514137,176,181,1.0,0,-0.003191481335503293,0.0027468861063661867,-0.05697963743622937,-0.6618257884517813,0.6621305723661746,False,0.0025,closed trades only; fixed fractional risk illustration,439.34418084221545,872.3356365259874,"[0.45557477181033373, 0.554103602329524]","[0.4573960003003734, 0.5520354358987755]",9999,0,9999,0,"[0.45557477181033373, 0.554103602329524]",9999,0,1,"{'profit_factor_ci95': [0.45557477181033373, 0.554103602329524], 'valid_replicates': 9999, 'undefined_replicates': 0, 'no_loss_replicates': 0, 'empty_replicates': 0, 'nonfinite_ratio_replicates': 0, 'requested_block_days': 1, 'effective_block_days': 1, 'resampled_calendar_days': 181, 'resampling': 'iid_utc_days', 'inference_status': 'AVAILABLE'}","{'profit_factor_ci95': [0.4573960003003734, 0.5520354358987755], 'valid_replicates': 9999, 'undefined_replicates': 0, 'no_loss_replicates': 0, 'empty_replicates': 0, 'nonfinite_ratio_replicates': 0, 'requested_block_days': 7, 'effective_block_days': 7, 'resampled_calendar_days': 181, 'resampling': 'circular_moving_utc_day_blocks', 'inference_status': 'AVAILABLE'}","{'profit_factor_ci95': [0.45557477181033373, 0.554103602329524], 'valid_replicates': 9999, 'undefined_replicates': 0, 'no_loss_replicates': 0, 'empty_replicates': 0, 'nonfinite_ratio_replicates': 0, 'requested_block_days': 1, 'effective_block_days': 1, 'resampled_calendar_days': 181, 'resampling': 'iid_utc_days', 'inference_status': 'AVAILABLE'}",9999,20261005,True,unknown; counted explicitly and omitted from finite-ratio percentile CI,"[-0.05701959603187483, -0.04609748456658869]","[-0.05672399541044718, -0.046276590161341176]",9999,0,9999,0,,
CRASH600,later180_known_history_primary,SHORT44_DRIFT,4,4,0,0,3,1,0,0.75,-0.0009061372966756038,0.0034585208708402503,-0.003624549186702415,0.0490938627033244,0.8091718378070574,0.00512307878271602,-0.018993785534850476,4,181,1.0,0,0.0981877254066488,0.00533757796830194,-0.011367790114547405,-9.062758812516947e-06,4.7484463837177415e-05,False,0.0025,closed trades only; fixed fractional risk illustration,0.01536923634814806,0.018993785534850476,"[0.0, 1.758043883475514]","[0.0, 1.7505109013191769]",6430,3569,6385,3614,"[0.0, 1.758043883475514]",6430,3569,1,"{'profit_factor_ci95': [0.0, 1.758043883475514], 'valid_replicates': 6430, 'undefined_replicates': 3569, 'no_loss_replicates': 3569, 'empty_replicates': 136, 'nonfinite_ratio_replicates': 0, 'requested_block_days': 1, 'effective_block_days': 1, 'resampled_calendar_days': 181, 'resampling': 'iid_utc_days', 'inference_status': 'AVAILABLE'}","{'profit_factor_ci95': [0.0, 1.7505109013191769], 'valid_replicates': 6385, 'undefined_replicates': 3614, 'no_loss_replicates': 3614, 'empty_replicates': 135, 'nonfinite_ratio_replicates': 0, 'requested_block_days': 7, 'effective_block_days': 7, 'resampled_calendar_days': 181, 'resampling': 'circular_moving_utc_day_blocks', 'inference_status': 'AVAILABLE'}","{'profit_factor_ci95': [0.0, 1.758043883475514], 'valid_replicates': 6430, 'undefined_replicates': 3569, 'no_loss_replicates': 3569, 'empty_replicates': 136, 'nonfinite_ratio_replicates': 0, 'requested_block_days': 1, 'effective_block_days': 1, 'resampled_calendar_days': 181, 'resampling': 'iid_utc_days', 'inference_status': 'AVAILABLE'}",9999,20261005,True,unknown; counted explicitly and omitted from finite-ratio percentile CI,"[-0.018993785534850476, 0.00845219460646756]","[-0.018993785534850476, 0.00845219460646756]",9836,163,9864,135,1.0,1.0
CRASH600,later180_known_history_primary,LONG44_DRIFT,1848,1848,0,0,1317,531,0,0.7126623376623377,-0.047810981343143315,0.008577579848696715,-88.35469352212884,0.0021890186568566923,0.197427513973907,0.01650316567692728,-0.20732460022343138,176,181,1.0,0,0.004378037313713385,0.006029762069175808,-0.059629314998727895,-0.1984800125386581,0.19919985542479468,False,0.0025,closed trades only; fixed fractional risk illustration,21.734669196513224,110.08936271864206,"[0.16053225938670057, 0.24792307164206606]","[0.1643748169934134, 0.24561178397599467]",9999,0,9999,0,"[0.16053225938670057, 0.24792307164206606]",9999,0,1,"{'profit_factor_ci95': [0.16053225938670057, 0.24792307164206606], 'valid_replicates': 9999, 'undefined_replicates': 0, 'no_loss_replicates': 0, 'empty_replicates': 0, 'nonfinite_ratio_replicates': 0, 'requested_block_days': 1, 'effective_block_days': 1, 'resampled_calendar_days': 181, 'resampling': 'iid_utc_days', 'inference_status': 'AVAILABLE'}","{'profit_factor_ci95': [0.1643748169934134, 0.24561178397599467], 'valid_replicates': 9999, 'undefined_replicates': 0, 'no_loss_replicates': 0, 'empty_replicates': 0, 'nonfinite_ratio_replicates': 0, 'requested_block_days': 7, 'effective_block_days': 7, 'resampled_calendar_days': 181, 'resampling': 'circular_moving_utc_day_blocks', 'inference_status': 'AVAILABLE'}","{'profit_factor_ci95': [0.16053225938670057, 0.24792307164206606], 'valid_replicates': 9999, 'undefined_replicates': 0, 'no_loss_replicates': 0, 'empty_replicates': 0, 'nonfinite_ratio_replicates': 0, 'requested_block_days': 1, 'effective_block_days': 1, 'resampled_calendar_days': 181, 'resampling': 'iid_utc_days', 'inference_status': 'AVAILABLE'}",9999,20261005,True,unknown; counted explicitly and omitted from finite-ratio percentile CI,"[-0.060128382773906246, -0.0365315882584917]","[-0.058634125020633636, -0.03691212751876147]",9999,0,9999,0,,
CRASH600,later180_known_history_primary,CLOCK_DRIFT,8392,8392,0,0,6306,2086,0,0.7514299332697807,-0.04912203400205831,0.010636487504567103,-412.23210934527333,0.0008779659979416933,0.2161970256131531,0.018031450238743953,-0.25212772509625725,176,181,1.0,0,0.0017559319958833867,0.0027880964312575938,-0.05458670300732319,-0.6438309449497994,0.6442897830062078,False,0.0025,closed trades only; fixed fractional risk illustration,113.70632520551936,525.9384345507926,"[0.19721373413920562, 0.23812551895747383]","[0.19781056003164943, 0.23725778374525303]",9999,0,9999,0,"[0.19721373413920562, 0.23812551895747383]",9999,0,1,"{'profit_factor_ci95': [0.19721373413920562, 0.23812551895747383], 'valid_replicates': 9999, 'undefined_replicates': 0, 'no_loss_replicates': 0, 'empty_replicates': 0, 'nonfinite_ratio_replicates': 0, 'requested_block_days': 1, 'effective_block_days': 1, 'resampled_calendar_days': 181, 'resampling': 'iid_utc_days', 'inference_status': 'AVAILABLE'}","{'profit_factor_ci95': [0.19781056003164943, 0.23725778374525303], 'valid_replicates': 9999, 'undefined_replicates': 0, 'no_loss_replicates': 0, 'empty_replicates': 0, 'nonfinite_ratio_replicates': 0, 'requested_block_days': 7, 'effective_block_days': 7, 'resampled_calendar_days': 181, 'resampling': 'circular_moving_utc_day_blocks', 'inference_status': 'AVAILABLE'}","{'profit_factor_ci95': [0.19721373413920562, 0.23812551895747383], 'valid_replicates': 9999, 'undefined_replicates': 0, 'no_loss_replicates': 0, 'empty_replicates': 0, 'nonfinite_ratio_replicates': 0, 'requested_block_days': 1, 'effective_block_days': 1, 'resampled_calendar_days': 181, 'resampling': 'iid_utc_days', 'inference_status': 'AVAILABLE'}",9999,20261005,True,unknown; counted explicitly and omitted from finite-ratio percentile CI,"[-0.05470021519448306, -0.04360463705774]","[-0.05449953669561491, -0.043920249351168235]",9999,0,9999,0,,
