symbol,variant,partition,start,end_exclusive,completed,trades,active_days,unknown_region_outcomes,censored,invalid_uncensored,profit_factor,day_PF_ci95_low,day_PF_ci95_high,weekly_PF_ci95_low,weekly_PF_ci95_high,mean_net_R,day_mean_ci95_low,day_mean_ci95_high,weekly_mean_ci95_low,weekly_mean_ci95_high,double_cost_profit_factor,double_cost_mean_net_R,median_holding_minutes,closed_trade_max_drawdown,point_positive,large_sample_and_days,development_eligible,historical_criteria_passed,holm_p,fresh_out_of_sample,QUALIFIED
BOOM600,CLOCK,wf1,2025-12-20T11:08:00+00:00,2026-01-07T11:08:00+00:00,692,692,19,0,0,0,0.9076138802079082,0.7430563936922331,1.120195978352731,0.7612195975827025,1.046364416724878,-0.03692602036815848,-0.11147135110626705,0.041529003312799094,-0.10124960448424206,0.017391627385378087,0.7977706533828313,-0.08692602036815852,15.0,0.10255316060170083,False,False,NOT_APPLICABLE,NOT_APPLICABLE,NOT_APPLICABLE,False,False
BOOM600,RAW_REGION,wf1,2025-12-20T11:08:00+00:00,2026-01-07T11:08:00+00:00,117,117,19,0,0,0,1.0514738663216145,0.7867549619081181,1.401864875662474,0.9173365392458186,1.2244833349856277,0.019224062756062404,-0.09529426242413361,0.12057964682773165,-0.032572491382178215,0.07823516678257875,0.9234628892607306,-0.03077593724393759,15.0,0.01582880387702712,True,False,NOT_APPLICABLE,NOT_APPLICABLE,NOT_APPLICABLE,False,False
BOOM600,HYBRID_REGION,wf1,2025-12-20T11:08:00+00:00,2026-01-07T11:08:00+00:00,84,84,18,0,0,0,0.6996892255009723,0.373611758275106,1.1310971788849447,0.41547897661011857,1.0771924996513396,-0.1251945060256735,-0.3095306965599077,0.04531118777761012,-0.3066949592500237,0.02484879577297484,0.6108660903274695,-0.17519450602567346,15.0,0.034583439251158365,False,False,NOT_APPLICABLE,NOT_APPLICABLE,NOT_APPLICABLE,False,False
BOOM600,RAW_BOOST_REGION,wf1,2025-12-20T11:08:00+00:00,2026-01-07T11:08:00+00:00,146,146,19,0,0,0,0.8494995099544295,0.5678508551484822,1.2082005194467875,0.6491022573194518,1.0894419378124947,-0.05877415096433703,-0.1897132398905151,0.06851075651925631,-0.14870235310910476,0.03187378749394683,0.7412914569962447,-0.10877415096433705,15.0,0.029815266843380872,False,False,NOT_APPLICABLE,NOT_APPLICABLE,NOT_APPLICABLE,False,False
BOOM600,HYBRID_BOOST_REGION,wf1,2025-12-20T11:08:00+00:00,2026-01-07T11:08:00+00:00,181,181,19,0,0,0,0.6863256389406208,0.47960653066372244,0.9519651436273293,0.5624499509736351,0.7826213948964199,-0.12988856917330782,-0.24441399913808617,-0.018592552482019683,-0.19033198569600698,-0.08330272384832808,0.5966351793193114,-0.17988856917330784,15.0,0.06160270422272218,False,False,NOT_APPLICABLE,NOT_APPLICABLE,NOT_APPLICABLE,False,False
BOOM600,CLOCK,wf2,2026-01-07T11:08:00+00:00,2026-01-25T11:08:00+00:00,372,372,13,3,0,0,1.0717131439557046,0.8724921560324251,1.3422710117714172,0.9048561034261207,1.3412394146521582,0.02718632283218677,-0.05020145715187167,0.11349739767812911,-0.03733493604013086,0.1169302145978543,0.9441078566718138,-0.022813677167813247,15.0,0.04941981991691591,True,False,NOT_APPLICABLE,NOT_APPLICABLE,NOT_APPLICABLE,False,False
BOOM600,RAW_REGION,wf2,2026-01-07T11:08:00+00:00,2026-01-25T11:08:00+00:00,60,60,11,0,0,0,0.3012164365224179,0.16545523472508494,0.4821906897407966,0.18933664316784665,0.4814341307313983,-0.29366228714583886,-0.4179727086650491,-0.174443123555732,-0.38962858352917246,-0.1830537573618617,0.24786305126707114,-0.3436622871458388,15.0,0.04413534068447178,False,False,NOT_APPLICABLE,NOT_APPLICABLE,NOT_APPLICABLE,False,False
BOOM600,HYBRID_REGION,wf2,2026-01-07T11:08:00+00:00,2026-01-25T11:08:00+00:00,48,48,11,0,0,0,1.4378275969350556,0.6037557030671106,3.1396276546337276,0.979492864772697,2.4630345636276134,0.14054460724149853,-0.14776868396369483,0.5174456023525305,-0.006399130512440893,0.37642868873070134,1.2570431887226756,0.09054460724149853,15.0,0.010823779342051476,True,False,NOT_APPLICABLE,NOT_APPLICABLE,NOT_APPLICABLE,False,False
BOOM600,RAW_BOOST_REGION,wf2,2026-01-07T11:08:00+00:00,2026-01-25T11:08:00+00:00,95,95,12,0,0,0,0.9962723198591917,0.4830894720910502,1.7562599804782462,0.526818552958766,1.566256209205379,-0.0014712583588464068,-0.22594874532942816,0.26037764519547485,-0.20304062494041786,0.20909474012781887,0.8791688742031335,-0.05147125835884642,15.0,0.03149695248803874,False,False,NOT_APPLICABLE,NOT_APPLICABLE,NOT_APPLICABLE,False,False
BOOM600,HYBRID_BOOST_REGION,wf2,2026-01-07T11:08:00+00:00,2026-01-25T11:08:00+00:00,101,101,13,1,0,0,1.5498619621271728,0.8922971489713851,2.9242141479170485,1.090056492460724,2.3764575763672386,0.15947812060582245,-0.036834112581307775,0.4162924043700697,0.028267630577026723,0.33608340463314457,1.3466959627554078,0.10947812060582238,15.0,0.014959967727780632,True,False,NOT_APPLICABLE,NOT_APPLICABLE,NOT_APPLICABLE,False,False
BOOM600,CLOCK,wf3,2026-01-25T11:08:00+00:00,2026-02-12T11:08:00+00:00,437,438,15,2,1,0,0.8905516933509098,0.6776174530465263,1.119184461801973,0.7886629329351779,0.9724779276865716,-0.04716704331311747,-0.148421321862465,0.047695598979270275,-0.09606473579257217,-0.011148226055932645,0.7895514768866768,-0.09716704331311747,15.0,0.07540741848836441,False,False,NOT_APPLICABLE,NOT_APPLICABLE,NOT_APPLICABLE,False,False
BOOM600,RAW_REGION,wf3,2026-01-25T11:08:00+00:00,2026-02-12T11:08:00+00:00,62,62,14,1,0,0,0.9364702788293603,0.4099704863881529,1.8779041937015812,0.47142064461806704,1.6181135183708655,-0.026643110277006186,-0.31124829233707646,0.2760303596200388,-0.3043692537821864,0.19807167229247338,0.829054187996808,-0.0766431102770062,15.0,0.021133385477474342,False,False,NOT_APPLICABLE,NOT_APPLICABLE,NOT_APPLICABLE,False,False
BOOM600,HYBRID_REGION,wf3,2026-01-25T11:08:00+00:00,2026-02-12T11:08:00+00:00,70,70,12,0,0,0,0.8746969380268897,0.3948804357408092,1.5918745899757005,0.48818249289426313,1.5437453009966449,-0.048217153396252994,-0.282178057840199,0.1896314078914751,-0.22383192182535175,0.17700015874282016,0.7632810568623286,-0.098217153396253,15.0,0.030522227497151944,False,False,NOT_APPLICABLE,NOT_APPLICABLE,NOT_APPLICABLE,False,False
BOOM600,RAW_BOOST_REGION,wf3,2026-01-25T11:08:00+00:00,2026-02-12T11:08:00+00:00,102,102,14,0,0,0,0.856102709136056,0.6032777479300793,1.2097109840394422,0.5287299839942261,1.1660393801335835,-0.06228099619637288,-0.19088126552053777,0.08161564716669645,-0.21637736264826773,0.06653170111559537,0.7577038887316787,-0.11228099619637286,15.0,0.028811353465741818,False,False,NOT_APPLICABLE,NOT_APPLICABLE,NOT_APPLICABLE,False,False
BOOM600,HYBRID_BOOST_REGION,wf3,2026-01-25T11:08:00+00:00,2026-02-12T11:08:00+00:00,112,112,13,0,0,0,0.779886480086509,0.45691292271519607,1.3244470722611223,0.5884823076036527,1.0176900747114352,-0.09504002312086778,-0.2914172461968938,0.10151571736664937,-0.2085332835025357,0.0062727522433789155,0.6843221959713587,-0.14504002312086775,15.0,0.03729714961311559,False,False,NOT_APPLICABLE,NOT_APPLICABLE,NOT_APPLICABLE,False,False
BOOM600,CLOCK,walk_forward_combined,2025-12-20T11:08:00+00:00,2026-02-12T11:08:00+00:00,1501,1502,45,5,1,0,0.9405029946705756,0.8236464693302156,1.074509135855216,0.8322554815271723,1.054724657957511,-0.024018315742188222,-0.07499940051751056,0.028508716149770942,-0.07025875562433367,0.021136373848090275,0.8293523748500866,-0.07401831574218824,15.0,0.1120251289266253,False,False,NOT_APPLICABLE,NOT_APPLICABLE,NOT_APPLICABLE,False,False
BOOM600,RAW_REGION,walk_forward_combined,2025-12-20T11:08:00+00:00,2026-02-12T11:08:00+00:00,239,239,43,1,0,0,0.8206520942169588,0.5973796568544548,1.1086216429430757,0.5245341022462998,1.0900300244899146,-0.07122340888479252,-0.179521007156931,0.03996241429927984,-0.2048934371779504,0.033272918960719954,0.7166754131335339,-0.12122340888479254,15.0,0.05476258907365805,False,False,NOT_APPLICABLE,NOT_APPLICABLE,NOT_APPLICABLE,False,False
BOOM600,HYBRID_REGION,walk_forward_combined,2025-12-20T11:08:00+00:00,2026-02-12T11:08:00+00:00,202,202,39,0,0,0,0.9076376827232387,0.6056135273975889,1.298606868616265,0.6374572406116381,1.3132574834785087,-0.03537325790248689,-0.16687137493961932,0.10034365571334601,-0.15821672955335064,0.10358979453374,0.7941342755741385,-0.08537325790248691,15.0,0.035707887672291716,False,False,NOT_APPLICABLE,NOT_APPLICABLE,NOT_APPLICABLE,False,False
BOOM600,RAW_BOOST_REGION,walk_forward_combined,2025-12-20T11:08:00+00:00,2026-02-12T11:08:00+00:00,343,343,43,0,0,0,0.8912910480363607,0.684694025083227,1.141828237186785,0.6784173931358374,1.1034925859270166,-0.04394593934960246,-0.1334703603824585,0.050186495331829686,-0.13817994773539222,0.03964073443683812,0.7839103652742205,-0.09394593934960248,15.0,0.05602487916032761,False,False,NOT_APPLICABLE,NOT_APPLICABLE,NOT_APPLICABLE,False,False
BOOM600,HYBRID_BOOST_REGION,walk_forward_combined,2025-12-20T11:08:00+00:00,2026-02-12T11:08:00+00:00,394,394,43,1,0,0,0.8817381128832806,0.6710464446906587,1.1410385942576453,0.7374023358306669,1.0958251211732675,-0.04580462799166965,-0.14062634745412528,0.04686497312209457,-0.11173392416731258,0.03333393015936882,0.7699375513181385,-0.09580462799166968,15.0,0.06160270422272218,False,False,NOT_APPLICABLE,NOT_APPLICABLE,NOT_APPLICABLE,False,False
BOOM600,CLOCK,final_test,2026-02-12T11:08:00+00:00,2026-04-07T11:08:00+00:00,1444,1447,45,3,3,0,0.9312432633593243,0.8268039125994137,1.0479666997611796,0.8325185231560049,1.0482108631450637,-0.027691790821914877,-0.07293310307049823,0.020001113978428384,-0.069356466331462,0.018643648910663044,0.8205639490173161,-0.0776917908219149,15.0,0.15302805163598288,False,False,NOT_APPLICABLE,NOT_APPLICABLE,NOT_APPLICABLE,False,False
BOOM600,RAW_REGION,final_test,2026-02-12T11:08:00+00:00,2026-04-07T11:08:00+00:00,245,245,41,0,0,0,0.9638631235224857,0.7274891596346299,1.252962721456105,0.6558075353603987,1.2702884066304185,-0.014776997757287153,-0.12592272266967633,0.09188033177339805,-0.16277104453627012,0.0968385164660498,0.8521356016895194,-0.06477699775728718,15.0,0.044579565654981446,False,False,NOT_APPLICABLE,NOT_APPLICABLE,NOT_APPLICABLE,False,False
BOOM600,HYBRID_REGION,final_test,2026-02-12T11:08:00+00:00,2026-04-07T11:08:00+00:00,268,269,43,1,1,0,0.687566316531802,0.48724456348164413,0.9202086527635059,0.5064630117395469,0.9418458054677435,-0.13652868126924372,-0.2388679394569278,-0.03244463971310037,-0.23452430993226492,-0.02256855532993391,0.6032396831786266,-0.18652868126924374,15.0,0.10848401992674872,False,False,NOT_APPLICABLE,NOT_APPLICABLE,NOT_APPLICABLE,False,False
BOOM600,RAW_BOOST_REGION,final_test,2026-02-12T11:08:00+00:00,2026-04-07T11:08:00+00:00,332,332,45,0,0,0,0.9809671335431768,0.7501985807917778,1.2707339347920825,0.7264569232258564,1.4039882352119943,-0.00811328494004413,-0.115322149906584,0.10604975895248223,-0.1291177335382928,0.1493712504502592,0.872441758581396,-0.058113284940044155,15.0,0.07406293158212451,False,False,False,False,1.0,False,False
BOOM600,HYBRID_BOOST_REGION,final_test,2026-02-12T11:08:00+00:00,2026-04-07T11:08:00+00:00,411,411,44,0,0,0,0.999219673439571,0.7587098383451114,1.2930647508949658,0.799170565697444,1.3044587277256607,-0.0003037820887546656,-0.09752318032565371,0.10336809627490784,-0.08343921264661007,0.11094455050805634,0.8800228368874856,-0.05030378208875468,15.0,0.05658651997032571,False,False,False,False,1.0,False,False
BOOM600,CLOCK,later180,2026-04-07T11:08:00+00:00,2026-10-04T11:08:00+00:00,5394,5398,157,8,4,0,0.858425778342372,0.8073131917461732,0.9135935038273881,0.7951677254083481,0.9211566651518953,-0.05813570170391871,-0.08143698475486398,-0.0352764674632243,-0.08596921431480711,-0.03173400567002335,0.7548409495745727,-0.10813570170391873,15.0,0.5538070107300148,False,True,NOT_APPLICABLE,NOT_APPLICABLE,NOT_APPLICABLE,False,False
BOOM600,RAW_REGION,later180,2026-04-07T11:08:00+00:00,2026-10-04T11:08:00+00:00,1047,1047,151,1,0,0,0.7627776540799447,0.6541422673155244,0.8829645138641073,0.6507339522141868,0.8935511233622583,-0.10613389400188827,-0.16129209296971306,-0.04946520360004228,-0.16281698614332793,-0.04543005513627532,0.673907500484694,-0.15613389400188826,15.0,0.2485776537943255,False,True,NOT_APPLICABLE,NOT_APPLICABLE,NOT_APPLICABLE,False,False
BOOM600,HYBRID_REGION,later180,2026-04-07T11:08:00+00:00,2026-10-04T11:08:00+00:00,987,988,151,1,1,0,0.9017438948313142,0.7697519366150862,1.0488062546003152,0.768874709714501,1.0572472337587402,-0.03877855052769136,-0.09645824772565152,0.01823141254984503,-0.09707734276829687,0.021283356786238532,0.7907130524396782,-0.08877855052769137,15.0,0.13536183829007342,False,False,NOT_APPLICABLE,NOT_APPLICABLE,NOT_APPLICABLE,False,False
BOOM600,RAW_BOOST_REGION,later180,2026-04-07T11:08:00+00:00,2026-10-04T11:08:00+00:00,1306,1307,152,1,1,0,0.800316764560006,0.7045686736746313,0.9037660801643577,0.6932135747560092,0.9220950149530454,-0.08730036177927818,-0.13435170671712712,-0.03887512925304993,-0.13794671392288993,-0.03280601668563298,0.7064429538210107,-0.13730036177927815,15.0,0.29102962575423097,False,True,False,False,1.0,False,False
BOOM600,HYBRID_BOOST_REGION,later180,2026-04-07T11:08:00+00:00,2026-10-04T11:08:00+00:00,1416,1418,154,4,2,0,0.8967266879180145,0.7792150196659211,1.0279882906173612,0.7742068421580853,1.0342200805913944,-0.04209510357946542,-0.09362706864288645,0.011117010039043826,-0.09634966361032246,0.013324749872379143,0.7896507148443629,-0.09209510357946543,15.0,0.2064206293890829,False,True,False,False,1.0,False,False
CRASH600,CLOCK,wf1,2025-12-20T11:08:00+00:00,2026-01-07T11:08:00+00:00,719,719,19,0,0,0,0.801631077406418,0.6621546436484878,0.9627416207194652,0.7208465871182176,0.8880287464443584,-0.08867435003819595,-0.16150208382441614,-0.016490349517411698,-0.13183447972474524,-0.048451009793861174,0.7101877110502891,-0.13867435003819595,15.0,0.173389330808847,False,False,NOT_APPLICABLE,NOT_APPLICABLE,NOT_APPLICABLE,False,False
CRASH600,RAW_REGION,wf1,2025-12-20T11:08:00+00:00,2026-01-07T11:08:00+00:00,209,209,19,0,0,0,0.7602387128448689,0.5445444652227047,0.9937538873696787,0.6801466204004875,0.8529183052417587,-0.10212474501809775,-0.22011394266927872,-0.0029577399976955547,-0.1427745907029708,-0.05907800392574402,0.6674045271601838,-0.1521247450180978,15.0,0.06557870886218975,False,False,NOT_APPLICABLE,NOT_APPLICABLE,NOT_APPLICABLE,False,False
CRASH600,HYBRID_REGION,wf1,2025-12-20T11:08:00+00:00,2026-01-07T11:08:00+00:00,110,110,19,0,0,0,0.9428618813745899,0.688498769706002,1.2646987656083226,0.7333525539397358,1.1786672334022008,-0.023301554933357792,-0.13269465778090775,0.0943940830858999,-0.11028443176025393,0.06300105488170543,0.8323224094044641,-0.07330155493335781,15.0,0.024134650311051664,False,False,NOT_APPLICABLE,NOT_APPLICABLE,NOT_APPLICABLE,False,False
CRASH600,RAW_BOOST_REGION,wf1,2025-12-20T11:08:00+00:00,2026-01-07T11:08:00+00:00,208,208,19,0,0,0,0.8663820556739409,0.6329107622919016,1.223961950066772,0.6594435971623132,1.0459247876482913,-0.05778261472533486,-0.17255450634169786,0.08737919474329668,-0.15626750647294002,0.018874180052094233,0.767892180684698,-0.10778261472533483,15.0,0.05117936628710684,False,False,NOT_APPLICABLE,NOT_APPLICABLE,NOT_APPLICABLE,False,False
CRASH600,HYBRID_BOOST_REGION,wf1,2025-12-20T11:08:00+00:00,2026-01-07T11:08:00+00:00,208,208,19,0,0,0,0.5843228467115593,0.4392832578824195,0.740117488915859,0.4997750128111538,0.7190897195624438,-0.2013286417149682,-0.29290370824911527,-0.1136571951885618,-0.2550735130554165,-0.1202425670623952,0.5150625011636474,-0.2513286417149682,15.0,0.11124617290811056,False,False,NOT_APPLICABLE,NOT_APPLICABLE,NOT_APPLICABLE,False,False
CRASH600,CLOCK,wf2,2026-01-07T11:08:00+00:00,2026-01-25T11:08:00+00:00,353,354,13,3,1,0,0.8093719639857253,0.6676841887044497,0.9861149156047584,0.7029096312756604,0.9534814178912909,-0.08105492170570791,-0.14706949808234646,-0.005660848269008163,-0.13198221880270192,-0.019160275292389287,0.7125535624629362,-0.13105492170570796,15.0,0.09180137625235552,False,False,NOT_APPLICABLE,NOT_APPLICABLE,NOT_APPLICABLE,False,False
CRASH600,RAW_REGION,wf2,2026-01-07T11:08:00+00:00,2026-01-25T11:08:00+00:00,40,40,11,0,0,0,1.28383812285404,0.5654118858458103,3.000383982224048,0.6428822583269963,2.7165693013835206,0.0906838120446258,-0.179482222478959,0.4510697985842281,-0.15688881156978496,0.34997558641284865,1.1184591579102279,0.0406838120446258,15.0,0.011298738170689715,True,False,NOT_APPLICABLE,NOT_APPLICABLE,NOT_APPLICABLE,False,False
CRASH600,HYBRID_REGION,wf2,2026-01-07T11:08:00+00:00,2026-01-25T11:08:00+00:00,33,34,9,1,1,0,0.5819751875556491,0.12509893311793419,1.142589206452212,0.20236578897313479,0.9959593176266097,-0.20057096979876557,-0.5152770077794919,0.05908738870127406,-0.3906665285987483,-0.0019376966622321134,0.5110278364959354,-0.2505709697987656,15.0,0.021847181913921543,False,False,NOT_APPLICABLE,NOT_APPLICABLE,NOT_APPLICABLE,False,False
CRASH600,RAW_BOOST_REGION,wf2,2026-01-07T11:08:00+00:00,2026-01-25T11:08:00+00:00,83,83,13,0,0,0,0.8470254464125551,0.4944220080121688,1.4714208496541485,0.5246997840990969,1.6106867783314536,-0.06256381010833892,-0.2397735039674091,0.15963991044508172,-0.21545820403898983,0.19970127264575258,0.7433804312426797,-0.11256381010833891,15.0,0.038476137059142435,False,False,NOT_APPLICABLE,NOT_APPLICABLE,NOT_APPLICABLE,False,False
CRASH600,HYBRID_BOOST_REGION,wf2,2026-01-07T11:08:00+00:00,2026-01-25T11:08:00+00:00,70,71,12,2,1,0,0.9982945481540979,0.633363730459718,1.494780869998102,0.6897767007025747,1.5318257937936952,-0.000708305412125086,-0.17235992224930505,0.1707238205751675,-0.13914034955098897,0.19008281519704617,0.8852539415507212,-0.050708305412125114,15.0,0.022828777359667263,False,False,NOT_APPLICABLE,NOT_APPLICABLE,NOT_APPLICABLE,False,False
CRASH600,CLOCK,wf3,2026-01-25T11:08:00+00:00,2026-02-12T11:08:00+00:00,432,432,15,2,0,0,0.7916897234576749,0.629413579712524,0.9475109532086525,0.6714813239532471,0.9126948969482923,-0.09064155105930215,-0.17142902234075605,-0.022735077623637714,-0.1474107337231345,-0.036736722141307604,0.698369996971439,-0.14064155105930218,15.0,0.09879210946766381,False,False,NOT_APPLICABLE,NOT_APPLICABLE,NOT_APPLICABLE,False,False
CRASH600,RAW_REGION,wf3,2026-01-25T11:08:00+00:00,2026-02-12T11:08:00+00:00,64,64,14,0,0,0,0.8455795045941279,0.42330250802583236,1.4044824299251972,0.46327690625158424,1.0984774751956932,-0.05798779719836134,-0.26130404041292576,0.12271623722668838,-0.21045698601204058,0.03324552692478987,0.7339517614494083,-0.10798779719836137,15.0,0.019358573812279567,False,False,NOT_APPLICABLE,NOT_APPLICABLE,NOT_APPLICABLE,False,False
CRASH600,HYBRID_REGION,wf3,2026-01-25T11:08:00+00:00,2026-02-12T11:08:00+00:00,36,36,10,0,0,0,0.8336516637295716,0.5524746086048742,1.1830887197561704,0.5961089246628503,1.0151362521281142,-0.07867840567753043,-0.21496380391928038,0.08486326342814841,-0.17411090846946903,0.006812581049095636,0.7451500205410284,-0.12867840567753042,15.0,0.010911199106811265,False,False,NOT_APPLICABLE,NOT_APPLICABLE,NOT_APPLICABLE,False,False
CRASH600,RAW_BOOST_REGION,wf3,2026-01-25T11:08:00+00:00,2026-02-12T11:08:00+00:00,116,116,15,1,0,0,0.8013624545930224,0.45668901267743517,1.2240322338575755,0.40210582120524724,1.1934097991301893,-0.08791521119794474,-0.2713728224993256,0.08785207089719546,-0.2966969045455991,0.07948688989983174,0.708215926240668,-0.13791521119794473,15.0,0.034807599849829174,False,False,NOT_APPLICABLE,NOT_APPLICABLE,NOT_APPLICABLE,False,False
CRASH600,HYBRID_BOOST_REGION,wf3,2026-01-25T11:08:00+00:00,2026-02-12T11:08:00+00:00,81,81,12,0,0,0,0.5324891701580764,0.28109678921299003,0.8837265763531278,0.3570096419393011,0.7041201622086083,-0.24209299247668253,-0.4279331499316656,-0.05922540355053842,-0.37705889699862144,-0.1428673261918612,0.4707262090878556,-0.2920929924766825,15.0,0.04947978155397326,False,False,NOT_APPLICABLE,NOT_APPLICABLE,NOT_APPLICABLE,False,False
CRASH600,CLOCK,walk_forward_combined,2025-12-20T11:08:00+00:00,2026-02-12T11:08:00+00:00,1504,1505,45,5,1,0,0.8005592325507637,0.710160156640035,0.8967165231510874,0.7384751706679247,0.8692215980511381,-0.08745106056994435,-0.13256339285253996,-0.04291480594941425,-0.11841097066909222,-0.055266934464511995,0.7073569689876104,-0.13745106056994436,15.0,0.30542297100001814,False,False,NOT_APPLICABLE,NOT_APPLICABLE,NOT_APPLICABLE,False,False
CRASH600,RAW_REGION,walk_forward_combined,2025-12-20T11:08:00+00:00,2026-02-12T11:08:00+00:00,313,313,42,0,0,0,0.8297140469931695,0.6319043232347552,1.0576904915883802,0.7175116363943415,1.0371521003418458,-0.0684598666060464,-0.1580196972330237,0.02176758843679023,-0.11986117081927272,0.013259091174279558,0.725975416393499,-0.11845986660604645,15.0,0.07190281884959293,False,False,NOT_APPLICABLE,NOT_APPLICABLE,NOT_APPLICABLE,False,False
CRASH600,HYBRID_REGION,walk_forward_combined,2025-12-20T11:08:00+00:00,2026-02-12T11:08:00+00:00,179,180,36,1,1,0,0.8454136114309344,0.6445157824887977,1.0637524289346851,0.6499428054504643,0.9886609422057079,-0.06711975223698168,-0.16201965754083145,0.025189859932068938,-0.156138037146863,-0.0047617180424297635,0.7479480772076941,-0.11711975223698165,15.0,0.0393150817832828,False,False,NOT_APPLICABLE,NOT_APPLICABLE,NOT_APPLICABLE,False,False
CRASH600,RAW_BOOST_REGION,walk_forward_combined,2025-12-20T11:08:00+00:00,2026-02-12T11:08:00+00:00,407,407,45,1,0,0,0.8435828753338048,0.6632187594399483,1.0692083107069124,0.6552564559403525,1.0184806695693709,-0.06734580983003284,-0.15222948284358198,0.029441482980314355,-0.15494540170735177,0.007617686360640377,0.7457204391876949,-0.11734580983003284,15.0,0.09574091897742332,False,False,NOT_APPLICABLE,NOT_APPLICABLE,NOT_APPLICABLE,False,False
CRASH600,HYBRID_BOOST_REGION,walk_forward_combined,2025-12-20T11:08:00+00:00,2026-02-12T11:08:00+00:00,359,360,41,2,1,0,0.6417343514263161,0.5122877521128962,0.7919134232024181,0.5556256594320824,0.7869100708228378,-0.17140799790020456,-0.24706476773092947,-0.09332724537459265,-0.2229418000304484,-0.0938197761548451,0.5666862669566726,-0.22140799790020457,15.0,0.15535382589154023,False,False,NOT_APPLICABLE,NOT_APPLICABLE,NOT_APPLICABLE,False,False
CRASH600,CLOCK,final_test,2026-02-12T11:08:00+00:00,2026-04-07T11:08:00+00:00,1448,1451,45,3,3,0,0.8868046965934854,0.7813352484143693,1.0120480043489029,0.8186427765251837,0.9622527052871703,-0.045908967648334235,-0.09350609751160975,0.004541267061869012,-0.07538642794198479,-0.01491411540759305,0.7798934489476068,-0.09590896764833426,15.0,0.17836917330617486,False,False,NOT_APPLICABLE,NOT_APPLICABLE,NOT_APPLICABLE,False,False
CRASH600,RAW_REGION,final_test,2026-02-12T11:08:00+00:00,2026-04-07T11:08:00+00:00,171,171,42,0,0,0,0.8958235036752465,0.6354876417359847,1.260633463929754,0.6287635455468568,1.3030141103558344,-0.03797212274196725,-0.14546220805767393,0.0849517763781425,-0.15472804466481474,0.09229662639276301,0.7766695071033082,-0.08797212274196728,15.0,0.03240826734969737,False,False,NOT_APPLICABLE,NOT_APPLICABLE,NOT_APPLICABLE,False,False
CRASH600,HYBRID_REGION,final_test,2026-02-12T11:08:00+00:00,2026-04-07T11:08:00+00:00,111,111,33,0,0,0,1.2719317331504303,0.8269913006215178,2.0073791934556255,0.8780664334764842,2.014675484115284,0.08898943639637227,-0.06756480435349892,0.25951048628082435,-0.04724057384573612,0.2680495337667528,1.109720056339737,0.038989436396372264,15.0,0.013854669217895466,True,False,NOT_APPLICABLE,NOT_APPLICABLE,NOT_APPLICABLE,False,False
CRASH600,RAW_BOOST_REGION,final_test,2026-02-12T11:08:00+00:00,2026-04-07T11:08:00+00:00,295,295,43,0,0,0,0.8068843926350068,0.6240441660153522,1.0319386601344192,0.6434525837948043,0.9662176537769597,-0.07846525082583158,-0.16646477613796512,0.011017875046601986,-0.15727893418052488,-0.01257821614582913,0.7056432089877838,-0.1284652508258316,15.0,0.06318561242498633,False,False,False,False,1.0,False,False
CRASH600,HYBRID_BOOST_REGION,final_test,2026-02-12T11:08:00+00:00,2026-04-07T11:08:00+00:00,248,248,42,0,0,0,0.6904197567829989,0.48950803467145615,0.9336676326663498,0.5121648821096353,0.9012311889642479,-0.13316379233202794,-0.24268503663803948,-0.027889927514354044,-0.22788626573087395,-0.039279794775449225,0.6035048428002217,-0.18316379233202795,15.0,0.08448830681321462,False,False,False,False,1.0,False,False
CRASH600,CLOCK,later180,2026-04-07T11:08:00+00:00,2026-10-04T11:08:00+00:00,5353,5355,157,8,2,0,0.9353166665712516,0.8710304650078735,1.002527237166763,0.8744267479072181,1.0010605653936717,-0.026181896544670378,-0.052765605929547,0.001339831343702675,-0.051852922409277365,0.0004248487063807873,0.8248393019992654,-0.07618189654467039,15.0,0.3296640032391137,False,True,NOT_APPLICABLE,NOT_APPLICABLE,NOT_APPLICABLE,False,False
CRASH600,RAW_REGION,later180,2026-04-07T11:08:00+00:00,2026-10-04T11:08:00+00:00,569,569,142,1,0,0,0.8788003716220729,0.7061096660612427,1.0867235733589475,0.7390615240373211,1.0474889980458624,-0.043193168329958766,-0.11255654009744832,0.031004442671085507,-0.09747856054326942,0.01591331772170058,0.7592523257557974,-0.09319316832995879,15.0,0.06732287881863319,False,False,NOT_APPLICABLE,NOT_APPLICABLE,NOT_APPLICABLE,False,False
CRASH600,HYBRID_REGION,later180,2026-04-07T11:08:00+00:00,2026-10-04T11:08:00+00:00,399,399,122,0,0,0,1.0759428088976701,0.8495006038346418,1.344946183628912,0.8545989604853763,1.3301969966774678,0.030276874595116493,-0.06617777071318251,0.12897897937284925,-0.05953188337865448,0.127199611247006,0.9538750687586749,-0.019723125404883513,15.0,0.03415618404645959,True,False,NOT_APPLICABLE,NOT_APPLICABLE,NOT_APPLICABLE,False,False
CRASH600,RAW_BOOST_REGION,later180,2026-04-07T11:08:00+00:00,2026-10-04T11:08:00+00:00,1106,1106,153,2,0,0,1.034560467505943,0.8801334956262382,1.2102937510817715,0.8887487017921639,1.1883781491693381,0.013501238558237412,-0.04693516770624631,0.07887066058317785,-0.04546379151991792,0.0707270092487496,0.9131923494315949,-0.03649876144176261,15.0,0.07064451445839459,True,True,False,False,1.0,False,False
CRASH600,HYBRID_BOOST_REGION,later180,2026-04-07T11:08:00+00:00,2026-10-04T11:08:00+00:00,904,904,151,0,0,0,0.9371540495678758,0.7855918010590455,1.114939992566115,0.7779287843113248,1.1121512871455033,-0.02535679042576815,-0.09116839377237132,0.04311792490909743,-0.09364956877542148,0.04271692652783117,0.826193654058805,-0.07535679042576816,15.0,0.16122645267304958,False,False,False,False,1.0,False,False
