symbol,model,proxy,trades,completed,censored,invalid_uncensored,wins,losses,flat_trades,win_rate,mean_net_R,median_net_R,sum_net_R,mean_gross_R,profit_factor,average_win_R,average_loss_R,active_days,calendar_days,median_holding_minutes,ambiguous,break_even_cost_atr,cluster_se,selection_score,closed_trade_return,closed_trade_max_drawdown,equity_ruin,illustrative_risk_fraction,drawdown_basis,span_calendar_days,calendar_basis,mean_net_R_ci95,profit_factor_ci95,mean_valid_replicates,mean_undefined_replicates,pf_valid_replicates,pf_undefined_replicates,bootstrap_repeats,bootstrap_seed,no_contiguous_weekly_claim,scheduled_observed_day_clusters,inference_kind,unknowns_are_not_zero
BOOM600,SHORT44_SPIKE,tick,0,0,0,0,0,0,0,,,,0.0,,,,,0,12,,0,,,,0.0,0.0,False,0.0025,closed trades only; fixed fractional risk illustration,176,twelve scheduled observed days; no unsampled calendar padding,"[None, None]","[None, None]",0,9999,0,9999,9999,20261005,True,12,descriptive_scheduled_day_bootstrap_not_discovery,True
BOOM600,SHORT44_SPIKE,coarse,0,0,0,0,0,0,0,,,,0.0,,,,,0,12,,0,,,,0.0,0.0,False,0.0025,closed trades only; fixed fractional risk illustration,176,twelve scheduled observed days; no unsampled calendar padding,"[None, None]","[None, None]",0,9999,0,9999,9999,20261005,True,12,descriptive_scheduled_day_bootstrap_not_discovery,True
BOOM600,SHORT44_DRIFT,tick,0,0,0,0,0,0,0,,,,0.0,,,,,0,12,,0,,,,0.0,0.0,False,0.0025,closed trades only; fixed fractional risk illustration,176,twelve scheduled observed days; no unsampled calendar padding,"[None, None]","[None, None]",0,9999,0,9999,9999,20261005,True,12,descriptive_scheduled_day_bootstrap_not_discovery,True
BOOM600,SHORT44_DRIFT,coarse,0,0,0,0,0,0,0,,,,0.0,,,,,0,12,,0,,,,0.0,0.0,False,0.0025,closed trades only; fixed fractional risk illustration,176,twelve scheduled observed days; no unsampled calendar padding,"[None, None]","[None, None]",0,9999,0,9999,9999,20261005,True,12,descriptive_scheduled_day_bootstrap_not_discovery,True
BOOM600,LONG44_SPIKE,tick,59,59,0,0,6,53,0,0.1016949152542373,-0.033032064427550835,-0.11646536670546355,-1.9488918012254992,0.016967935572449168,0.6891297774733355,0.7200428967766112,-0.11828583362047482,12,12,1.0,0,0.033935871144898336,0.03624267182932036,,-0.004878165618924735,0.0067813030272606545,False,0.0025,closed trades only; fixed fractional risk illustration,176,twelve scheduled observed days; no unsampled calendar padding,"[-0.10438840560016086, 0.03170648243105884]","[0.0907286447945189, 1.3231788253836279]",9999,0,9999,0,9999,20261005,True,12,descriptive_scheduled_day_bootstrap_not_discovery,True
BOOM600,LONG44_SPIKE,coarse,59,59,0,0,6,53,0,0.1016949152542373,-0.03205895894385505,-0.1153599814799816,-1.8914785776874479,0.017941041056144958,0.6959711025195308,0.7216498398751566,-0.11738448333846012,12,12,1.0,0,0.035882082112289916,0.036216827001291765,,-0.004735341468825149,0.006710545611081642,False,0.0025,closed trades only; fixed fractional risk illustration,176,twelve scheduled observed days; no unsampled calendar padding,"[-0.10312833881054748, 0.03277644263734358]","[0.09261991288101856, 1.335618592628548]",9999,0,9999,0,9999,20261005,True,12,descriptive_scheduled_day_bootstrap_not_discovery,True
BOOM600,LONG44_DRIFT,tick,49,49,0,0,38,11,0,0.7755102040816326,-0.042651559040817584,0.008218594638156225,-2.0899263930000616,0.007348440959182419,0.1869922822595272,0.012649588793430894,-0.23369188792276685,12,12,1.0,0,0.014696881918364837,0.027177075262605606,,-0.005218457446046543,0.005768547960288917,False,0.0025,closed trades only; fixed fractional risk illustration,176,twelve scheduled observed days; no unsampled calendar padding,"[-0.09604806762342198, 0.008457563653465798]","[0.07685722743108735, 5.9979505527761905]",9999,0,9999,0,9999,20261005,True,12,descriptive_scheduled_day_bootstrap_not_discovery,True
BOOM600,LONG44_DRIFT,coarse,49,49,0,0,35,14,0,0.7142857142857143,-0.043460389626011134,0.007354616077649499,-2.1295590916745457,0.0065396103739888715,0.1737851061834275,0.012797972870540826,-0.18410629586739105,12,12,1.0,0,0.013079220747977743,0.027071601257630685,,-0.0053170153232858786,0.005817562789960151,False,0.0025,closed trades only; fixed fractional risk illustration,176,twelve scheduled observed days; no unsampled calendar padding,"[-0.09658992363562044, 0.007463246211283258]","[0.07227000647699044, 5.174483500138064]",9999,0,9999,0,9999,20261005,True,12,descriptive_scheduled_day_bootstrap_not_discovery,True
BOOM600,CLOCK_SPIKE,tick,564,564,0,0,49,515,0,0.08687943262411348,-0.047951554491836794,-0.1115062767346284,-27.044676733395953,0.0020484455081632032,0.5388019080897203,0.6448034282537243,-0.11386416450063776,12,12,1.0,0,0.0040968910163264064,0.008603207122247504,,-0.06549676031985818,0.06631621826854295,False,0.0025,closed trades only; fixed fractional risk illustration,176,twelve scheduled observed days; no unsampled calendar padding,"[-0.06369663238029574, -0.031673999136697495]","[0.40100428118511217, 0.6886548922009109]",9999,0,9999,0,9999,20261005,True,12,descriptive_scheduled_day_bootstrap_not_discovery,True
BOOM600,CLOCK_SPIKE,coarse,564,564,0,0,47,517,0,0.08333333333333333,-0.05034108814119281,-0.11085195143933424,-28.392373711632743,-0.00034108814119279706,0.51330961252951,0.6371335480621898,-0.11283878234150033,12,12,1.0,0,-0.0006821762823855941,0.009303507891835816,,-0.06863569669756853,0.0694946805964588,False,0.0025,closed trades only; fixed fractional risk illustration,176,twelve scheduled observed days; no unsampled calendar padding,"[-0.06752870419110553, -0.03281691863588825]","[0.36238017989057403, 0.6760849658022184]",9999,0,9999,0,9999,20261005,True,12,descriptive_scheduled_day_bootstrap_not_discovery,True
BOOM600,CLOCK_DRIFT,tick,564,564,0,0,438,126,0,0.776595744680851,-0.052431308821764666,0.011506276734628389,-29.571258175475272,-0.0024313088217646633,0.20871169790331448,0.017807696207405743,-0.29659546916126184,12,12,1.0,0,-0.004862617643529327,0.008617338118224072,,-0.0713839129603886,0.07273356509233042,False,0.0025,closed trades only; fixed fractional risk illustration,176,twelve scheduled observed days; no unsampled calendar padding,"[-0.06881913470719735, -0.03662117355455534]","[0.15800238451065926, 0.28741172014865046]",9999,0,9999,0,9999,20261005,True,12,descriptive_scheduled_day_bootstrap_not_discovery,True
BOOM600,CLOCK_DRIFT,coarse,564,564,0,0,425,139,0,0.7535460992907801,-0.050310695934149066,0.010851951439334234,-28.375232506860073,-0.0003106959341490571,0.20603518827859985,0.017325694111940383,-0.25711260794557356,12,12,1.0,0,-0.0006213918682981142,0.009459575508720633,,-0.0685996731554458,0.06986701517643457,False,0.0025,closed trades only; fixed fractional risk illustration,176,twelve scheduled observed days; no unsampled calendar padding,"[-0.06819917860673667, -0.03286993003118416]","[0.15102242401242832, 0.29959067155744773]",9999,0,9999,0,9999,20261005,True,12,descriptive_scheduled_day_bootstrap_not_discovery,True
CRASH600,SHORT44_SPIKE,tick,8,8,0,0,1,7,0,0.125,-0.05538007805679191,-0.12560579200620198,-0.4430406244543353,-0.005380078056791915,0.4896798510878432,0.42512149965297164,-0.12402316058675812,7,12,1.0,0,-0.01076015611358383,0.058603076038308374,,-0.001107891475048195,0.0018394667311920632,False,0.0025,closed trades only; fixed fractional risk illustration,176,twelve scheduled observed days; no unsampled calendar padding,"[-0.13119392220681905, 0.05695438810118056]","[0.0, 1.6720061470894263]",9999,0,9999,0,9999,20261005,True,12,descriptive_scheduled_day_bootstrap_not_discovery,True
CRASH600,SHORT44_SPIKE,coarse,8,8,0,0,1,7,0,0.125,-0.05490524210575429,-0.12515824244910068,-0.4392419368460343,-0.004905242105754298,0.4932113963067754,0.427474350073317,-0.12381661241705019,7,12,1.0,0,-0.009810484211508597,0.0588388558025572,,-0.0010984107447641334,0.001833344818245708,False,0.0025,closed trades only; fixed fractional risk illustration,176,twelve scheduled observed days; no unsampled calendar padding,"[-0.13136439304387482, 0.05764374481490882]","[0.0, 1.679378971095112]",9999,0,9999,0,9999,20261005,True,12,descriptive_scheduled_day_bootstrap_not_discovery,True
CRASH600,SHORT44_DRIFT,tick,0,0,0,0,0,0,0,,,,0.0,,,,,0,12,,0,,,,0.0,0.0,False,0.0025,closed trades only; fixed fractional risk illustration,176,twelve scheduled observed days; no unsampled calendar padding,"[None, None]","[None, None]",0,9999,0,9999,9999,20261005,True,12,descriptive_scheduled_day_bootstrap_not_discovery,True
CRASH600,SHORT44_DRIFT,coarse,0,0,0,0,0,0,0,,,,0.0,,,,,0,12,,0,,,,0.0,0.0,False,0.0025,closed trades only; fixed fractional risk illustration,176,twelve scheduled observed days; no unsampled calendar padding,"[None, None]","[None, None]",0,9999,0,9999,9999,20261005,True,12,descriptive_scheduled_day_bootstrap_not_discovery,True
CRASH600,LONG44_SPIKE,tick,54,54,0,0,2,52,0,0.037037037037037035,-0.07821406594527841,-0.11045964497528307,-4.223559561045034,-0.028214065945278425,0.2956553245576103,0.8864394921597614,-0.11531612587239534,12,12,1.0,0,-0.05642813189055685,0.029008224468320812,,-0.010512761479307575,0.010512761479307575,False,0.0025,closed trades only; fixed fractional risk illustration,176,twelve scheduled observed days; no unsampled calendar padding,"[-0.11724992534287962, -0.016144703820808928]","[0.0, 0.8481005881651663]",9999,0,9999,0,9999,20261005,True,12,descriptive_scheduled_day_bootstrap_not_discovery,True
CRASH600,LONG44_SPIKE,coarse,54,54,0,0,2,52,0,0.037037037037037035,-0.0773289056433134,-0.11043569723560413,-4.175760904738924,-0.02732890564331341,0.2985852374525203,0.8887897916192088,-0.11448731707648735,12,12,1.0,0,-0.05465781128662682,0.028956650435869754,,-0.010394500800307238,0.010394500800307238,False,0.0025,closed trades only; fixed fractional risk illustration,176,twelve scheduled observed days; no unsampled calendar padding,"[-0.11634846677912691, -0.015443047303849825]","[0.0, 0.8539738879868001]",9999,0,9999,0,9999,20261005,True,12,descriptive_scheduled_day_bootstrap_not_discovery,True
CRASH600,LONG44_DRIFT,tick,114,114,0,0,86,28,0,0.7543859649122807,-0.013885500352434238,0.008565940390803706,-1.5829470401775032,0.036114499647565766,0.47050436708642696,0.016355702790523473,-0.10676919572009004,12,12,1.0,0,0.07222899929513153,0.013189116569184603,,-0.003956757618029827,0.006229404213632717,False,0.0025,closed trades only; fixed fractional risk illustration,176,twelve scheduled observed days; no unsampled calendar padding,"[-0.041487081203195865, 0.008259016288183743]","[0.2115073022971771, 2.7310134423512444]",9999,0,9999,0,9999,20261005,True,12,descriptive_scheduled_day_bootstrap_not_discovery,True
CRASH600,LONG44_DRIFT,coarse,114,114,0,0,83,31,0,0.7280701754385965,-0.009848148237118281,0.008609755827339017,-1.122688899031484,0.04015185176288172,0.5408589083808699,0.015933792635628424,-0.07887721573511754,12,12,1.0,0,0.08030370352576344,0.013021170449268576,,-0.002809033043913556,0.005181708135316487,False,0.0025,closed trades only; fixed fractional risk illustration,176,twelve scheduled observed days; no unsampled calendar padding,"[-0.038078276625751445, 0.01078334821478003]","[0.2180026916257135, 9.038941577732718]",9999,0,9999,0,9999,20261005,True,12,descriptive_scheduled_day_bootstrap_not_discovery,True
CRASH600,CLOCK_SPIKE,tick,564,564,0,0,33,531,0,0.05851063829787234,-0.07332646354310515,-0.11174575390261962,-41.35612543831131,-0.023326463543105146,0.31641887260418183,0.5800937933988412,-0.11393450211011877,12,12,1.0,0,-0.04665292708621029,0.007340291508300428,,-0.09829159971719159,0.09919035291594813,False,0.0025,closed trades only; fixed fractional risk illustration,176,twelve scheduled observed days; no unsampled calendar padding,"[-0.08632109332547144, -0.05950204810832096]","[0.20811706311089198, 0.4356621882426538]",9999,0,9999,0,9999,20261005,True,12,descriptive_scheduled_day_bootstrap_not_discovery,True
CRASH600,CLOCK_SPIKE,coarse,564,564,0,0,33,531,0,0.05851063829787234,-0.07204221655730367,-0.11079538546988266,-40.63181013831927,-0.02204221655730365,0.3223835496149609,0.5857889331645981,-0.11292437840442748,12,12,1.0,0,-0.0440844331146073,0.008305177302993986,,-0.09665775984673386,0.09756937732949544,False,0.0025,closed trades only; fixed fractional risk illustration,176,twelve scheduled observed days; no unsampled calendar padding,"[-0.08685932264500082, -0.05631739416406318]","[0.20198615882128004, 0.45716666571089365]",9999,0,9999,0,9999,20261005,True,12,descriptive_scheduled_day_bootstrap_not_discovery,True
CRASH600,CLOCK_DRIFT,tick,564,564,0,0,452,112,0,0.8014184397163121,-0.02696592904515309,0.011745753902619623,-15.208783981466343,0.02303407095484691,0.3462689701229366,0.0178225783370396,-0.20771954812328788,12,12,1.0,0,0.04606814190969382,0.007366867244541718,,-0.037372883223498854,0.038308299838160975,False,0.0025,closed trades only; fixed fractional risk illustration,176,twelve scheduled observed days; no unsampled calendar padding,"[-0.04085841830564892, -0.013913597111487047]","[0.25477638983907275, 0.5139413943811681]",9999,0,9999,0,9999,20261005,True,12,descriptive_scheduled_day_bootstrap_not_discovery,True
CRASH600,CLOCK_DRIFT,coarse,564,564,0,0,440,124,0,0.7801418439716312,-0.028240125186588454,0.010795385469882655,-15.927430605235887,0.021759874813411552,0.322385774065985,0.01722211161142583,-0.18955773963115524,12,12,1.0,0,0.043519749626823104,0.008328499159556323,,-0.039101668710395776,0.03992937863883805,False,0.0025,closed trades only; fixed fractional risk illustration,176,twelve scheduled observed days; no unsampled calendar padding,"[-0.04399885403712583, -0.013439496555580934]","[0.2275450452966709, 0.507359163304004]",9999,0,9999,0,9999,20261005,True,12,descriptive_scheduled_day_bootstrap_not_discovery,True
