symbol,variant,status,signals,hits,precision,raw_base_rate,raw_lift,matched_base_rate,matched_lift,difference,bootstrap_available_replicates,missing_baseline_exposure,median_normalized_atr,median_normalized_atr_vs_baseline,share_lowest_three_bins,descriptive_fraction_of_raw_gap_removed,block_precision_ci95_low,block_precision_ci95_high,block_matched_base_ci95_low,block_matched_base_ci95_high,block_matched_lift_ci95_low,block_matched_lift_ci95_high,block_difference_ci95_low,block_difference_ci95_high
BOOM500,CRT,AVAILABLE,229,59,0.2576419213973799,0.22224366396500708,1.1592767901718286,0.23949743582317234,1.0757606673818594,0.01814448557420756,9999,False,0.0008517482724037118,0.9332392659716049,0.34934497816593885,0.4874186784795272,0.20408163265306123,0.31223712079518356,0.22700293096045437,0.2521896318234043,0.8574801172768023,1.2927776223756489,-0.034265073862761015,0.07017374298555408
BOOM500,CRT_MSS,AVAILABLE,110,22,0.2,0.22224366396500708,0.8999131693198263,0.21358997635610874,0.9363735293764405,-0.01358997635610873,9999,False,0.0009169543891894129,1.004683976266366,0.13636363636363635,,0.12726502311248072,0.2750114678899081,0.2017697024158271,0.22580832290308495,0.5962118552563357,1.281773139998496,-0.08656114274071146,0.05986982259467683
BOOM500,CRT_DISPLACEMENT,AVAILABLE,158,38,0.24050632911392406,0.22224366396500708,1.082174064371943,0.22492187314302559,1.069288307771599,0.01558445597089847,9999,False,0.0008909194727350767,0.9761581698647762,0.20253164556962025,0.14664941596310924,0.17687074829931973,0.3037974683544304,0.21325270217360698,0.23673344390218637,0.7882251968030621,1.356765130083004,-0.04841382791234122,0.07916135134382239
BOOM500,CRT_MSS_DISPLACEMENT,AVAILABLE,97,21,0.21649484536082475,0.22224366396500708,0.9741328121503275,0.21108694584186777,1.025619298708354,0.005407899518956982,9999,False,0.0009226137676096049,1.0108848155681123,0.1134020618556701,,0.13580246913580246,0.2980769230769231,0.19921341514171872,0.22338326797935712,0.6430465218082241,1.4058478871127429,-0.07458591383134511,0.0858590926239733
BOOM500,CRT_MSS_DISPLACEMENT_FVG,AVAILABLE,31,6,0.1935483870967742,0.22224366396500708,0.8708837122449932,0.20061824635267297,0.9647596398411814,-0.007069859255898786,9999,False,0.0009727722397355512,1.065842198195932,0.06451612903225806,,0.047619047619047616,0.36,0.18600117078227238,0.2149290067542662,0.23498257149816612,1.8237771188111274,-0.15498140740002875,0.16326703613515745
BOOM500,ATR_COMPRESSION,AVAILABLE,1318,301,0.2283763277693475,0.22224366396500708,1.0275943246026848,0.23140984462019967,0.9868911503923659,-0.0030335168508521804,9999,False,0.0008838864894697251,0.9684523061104247,0.3512898330804249,1.4946491357809637,0.2078903331120873,0.24906268388658503,0.2231867050263239,0.23974554324700828,0.9019534734847584,1.0737213678427544,-0.02274230701428341,0.016885787737416905
BOOM500,BB_SQUEEZE,AVAILABLE,1141,272,0.23838737949167396,0.22224366396500708,1.0726397110210024,0.22489209690378456,1.0600078116291614,0.013495282587889401,9999,False,0.0008899027234074788,0.9750441430719929,0.21560035056967572,0.16405349403008768,0.21795820992487472,0.25972967010044606,0.21361448565894856,0.23617854826361703,0.9769325932189085,1.144493106674839,-0.0052713271886767315,0.03238412419273413
BOOM500,CANDLE_COMPRESSION,AVAILABLE,1,0,0.0,0.22224366396500708,0.0,0.19907100199071,0.0,-0.19907100199071,6336,False,0.0010833188312230283,1.1869653319174611,0.0,,0.0,0.0,0.1726080368234227,0.2252290679806459,0.0,0.0,-0.2252290679806459,-0.1726080368234227
BOOM500,CANDLE_STRUCTURE,AVAILABLE,452,98,0.2168141592920354,0.22224366396500708,0.9755695862095463,0.22297260589282003,0.9723802546230952,-0.006158446600784628,9999,False,0.000901321934424795,0.9875558868031548,0.26991150442477874,,0.1826086956521739,0.25279642058165547,0.21437971207911444,0.23153033324530958,0.8231220641365228,1.1266835571083067,-0.039422614188316094,0.028498229774978085
BOOM500,SR_ALIGNMENT,AVAILABLE,646,166,0.25696594427244585,0.22224366396500708,1.156235186587393,0.2592806097292465,0.9910727398426834,-0.0023146654568006464,9999,False,0.0008061284796686819,0.8832548007660954,0.5402476780185759,1.0666622536396253,0.22239240912004393,0.2918770395335152,0.24676009774997024,0.2723683109651451,0.8721219266424567,1.1075360661562572,-0.0329311857373698,0.02798137740643049
BOOM500,ATR_BB_COMPRESSION,AVAILABLE,576,137,0.2378472222222222,0.22224366396500708,1.070209237819585,0.23331916426724186,1.019407141154483,0.004528057954980347,9999,False,0.0008657619245083228,0.9485936738728749,0.3246527777777778,0.709806066005069,0.20545313601127554,0.2737916747438683,0.22158503054627432,0.24552192280981422,0.889298791732504,1.1592215548174638,-0.025933677286451705,0.03734913628408281
BOOM500,CRT_ATR,AVAILABLE,49,12,0.24489795918367346,0.22224366396500708,1.1019344930446853,0.24764577251618927,0.9889042590770001,-0.0027478133325158083,9999,False,0.0008243466560689358,0.9032160007144479,0.4897959183673469,1.1212932605491828,0.12195121951219512,0.375,0.230467134178794,0.2666375805409089,0.48824924513679746,1.523958904167439,-0.1281199798760975,0.12855341873681528
BOOM500,CRT_BB,AVAILABLE,125,32,0.256,0.22224366396500708,1.1518888567293777,0.2284690334285537,1.1205019610679787,0.027530966571446297,9999,False,0.0008655943902874236,0.9484101108197959,0.24,0.1844207693955056,0.18879685887882608,0.3252032520325203,0.21555506817921677,0.24214853898100827,0.8383447847444068,1.4069138841607505,-0.03648008872652645,0.09383337221129694
BOOM500,CRT_CANDLE_COMPRESSION,UNAVAILABLE,0,0,,0.22224366396500708,,,,,0,False,,,,,,,,,,,,
BOOM500,CRT_CANDLE_STRUCTURE,AVAILABLE,30,11,0.36666666666666664,0.22224366396500708,1.6498408104196816,0.24948205794249997,1.469711568401344,0.11718460872416667,9999,False,0.0008356936299217188,0.915648595992259,0.43333333333333335,0.18860149330754702,0.21739130434782608,0.52,0.22943189037593564,0.2691898930119387,0.8572543838426823,2.118498379594758,-0.0358450349002377,0.273494473089296
BOOM500,CRT_SR,AVAILABLE,14,6,0.42857142857142855,0.22224366396500708,1.928385362828199,0.2555546998063038,1.6770242491969891,0.17301672876512475,9999,False,0.0008470407763958754,0.9280813804069891,0.35714285714285715,0.16144718043564743,0.16666666666666666,0.7,0.22801622985963022,0.2847530871697418,0.6381221976282516,2.7371093793326073,-0.0936943629520267,0.43910029427728564
CRASH500,CRT,AVAILABLE,216,41,0.18981481481481483,0.2161327672713238,0.8782324735449737,0.2369657425613518,0.8010221762990516,-0.04715092774653698,9999,False,0.0008566818179793583,0.9407589981327852,0.35185185185185186,,0.1409090909090909,0.24064282068919607,0.22459736417759948,0.24914490445802276,0.5969379679405045,1.0204680981702756,-0.09688602967880858,0.004799580311604902
CRASH500,CRT_MSS,AVAILABLE,88,15,0.17045454545454544,0.2161327672713238,0.7886566558441558,0.20943913277361073,0.8138619712429532,-0.03898458731906529,9999,False,0.0009286047649818771,1.0197406668746767,0.14772727272727273,,0.09210526315789473,0.26215412621359196,0.19681424133622372,0.2226369478773268,0.44128474494146597,1.24024441744977,-0.11668315503312135,0.050755831468797745
CRASH500,CRT_DISPLACEMENT,AVAILABLE,145,30,0.20689655172413793,0.2161327672713238,0.9572660098522168,0.22102897223699985,0.9360607780517192,-0.014132420512861926,9999,False,0.0008981586136036738,0.9863064439620014,0.1793103448275862,,0.14393939393939395,0.27586206896551724,0.20888290782602698,0.23312748499607455,0.6505903570785389,1.250318211041105,-0.07783623355116374,0.055201778012090724
CRASH500,CRT_MSS_DISPLACEMENT,AVAILABLE,81,15,0.18518518518518517,0.2161327672713238,0.8568121693121693,0.20968064178025828,0.8831773100888163,-0.0244954565950731,9999,False,0.0009258875883624473,1.0167568188454585,0.13580246913580246,,0.10126582278481013,0.2823529411764706,0.19571993754527595,0.22408347895234712,0.4853030279465661,1.3442663789324747,-0.10901281498507888,0.07245387647586508
CRASH500,CRT_MSS_DISPLACEMENT_FVG,AVAILABLE,28,6,0.21428571428571427,0.2161327672713238,0.991454081632653,0.18561690723499896,1.1544514854695827,0.02866880705071531,9999,False,0.0009912634406798893,1.0885488424853436,0.03571428571428571,,0.07407407407407407,0.375,0.1633899842521659,0.20711070674162566,0.41066753100549314,2.001411448071426,-0.10921630133392798,0.1858212812271822
CRASH500,ATR_COMPRESSION,AVAILABLE,1293,302,0.23356535189481825,0.2161327672713238,1.080656833499061,0.22420323877866066,1.0417572608101353,0.009362113116157589,9999,False,0.0008799331867868748,0.9662923221341849,0.3503480278422274,0.46295323852666287,0.2127979551107508,0.25358490566037734,0.2178889470167395,0.2305839238663674,0.955867216656086,1.123029857825347,-0.009909065531476255,0.027751128748975517
CRASH500,BB_SQUEEZE,AVAILABLE,1156,248,0.21453287197231835,0.2161327672713238,0.9925976272862087,0.21971733097215218,0.9764039596835857,-0.00518445899983383,9999,False,0.0008988681719809702,0.987085640408258,0.20761245674740483,,0.192886678301338,0.23736228158414363,0.20925132693415466,0.22982798341726665,0.8849207971214912,1.070029023048646,-0.025244969064366747,0.015473265711582543
CRASH500,CANDLE_COMPRESSION,UNAVAILABLE,0,0,,0.2161327672713238,,,,,0,False,,,,,,,,,,,,
CRASH500,CANDLE_STRUCTURE,AVAILABLE,492,92,0.18699186991869918,0.2161327672713238,0.86517131242741,0.21192487790838022,0.8823497824523455,-0.02493300798968104,9999,False,0.0009191487056622459,1.009356563109287,0.26422764227642276,,0.15950475682404197,0.21560574948665298,0.2047292918801578,0.21894252926740246,0.7597016528574292,1.0120550639780883,-0.05065404338095861,0.002567993935015216
CRASH500,SR_ALIGNMENT,AVAILABLE,639,195,0.3051643192488263,0.2161327672713238,1.4119299128101948,0.25520033749500953,1.195783368643836,0.04996398175381678,9999,False,0.0008052704699617676,0.8843019947989641,0.5477308294209703,0.4388058992115263,0.276739703793873,0.3323031744144573,0.24431900590957778,0.26670021429712826,1.0726865439184519,1.312029404725033,0.018940720928892058,0.07857933520680001
CRASH500,ATR_BB_COMPRESSION,AVAILABLE,535,143,0.2672897196261682,0.2161327672713238,1.236692256341789,0.23355475332465364,1.1444413604146226,0.03373496630151457,9999,False,0.0008608705331239719,0.9453588056461567,0.308411214953271,0.3405594987849199,0.23529411764705882,0.2998204667863555,0.22212598825981544,0.24543346732344537,1.0153523105086903,1.2783534949248212,0.003579232166603942,0.06444824434366557
CRASH500,CRT_ATR,AVAILABLE,43,7,0.16279069767441862,0.2161327672713238,0.7531976744186047,0.2578319242130399,0.631383015005965,-0.09504122653862129,9999,False,0.0008097123820881422,0.889179848763063,0.6046511627906976,,0.05128205128205128,0.28888888888888886,0.23985005037648569,0.2761951959507994,0.20343775840204129,1.1207290564574208,-0.20582952860832016,0.030925022780214535
CRASH500,CRT_BB,AVAILABLE,110,22,0.2,0.2161327672713238,0.925357142857143,0.22241300520103757,0.8992279917229723,-0.02241300520103756,9999,False,0.0008885527102537683,0.9757577900487755,0.19090909090909092,,0.13333333333333333,0.2727272727272727,0.2071420574828387,0.23700714920147156,0.6018368602418499,1.2328272433536867,-0.08865239411199523,0.051259240318783754
CRASH500,CRT_CANDLE_COMPRESSION,UNAVAILABLE,0,0,,0.2161327672713238,,,,,0,False,,,,,,,,,,,,
CRASH500,CRT_CANDLE_STRUCTURE,AVAILABLE,22,4,0.18181818181818182,0.2161327672713238,0.8412337662337663,0.259704120937257,0.7000974076268434,-0.07788593911907515,9999,False,0.0007968161968650504,0.8750179953939478,0.6818181818181818,,0.041666666666666664,0.3684210526315789,0.24068742106035904,0.2800593824278596,0.1602921466098918,1.4404283491152186,-0.22200269463456193,0.11300354984336831
CRASH500,CRT_SR,AVAILABLE,18,2,0.1111111111111111,0.2161327672713238,0.5140873015873015,0.2710973505723244,0.4098568683040982,-0.15998623946121332,9999,False,0.0007804548230038815,0.8570508699587257,0.8333333333333334,,0.0,0.3076923076923077,0.25280333872745386,0.29183008338967104,0.0,1.1539933597817167,-0.2790895925311143,0.04131454471918029
