symbol,model,trades,completed,censored,invalid_uncensored,wins,losses,flat_trades,win_rate,mean_net_R,median_net_R,sum_net_R,mean_gross_R,profit_factor,average_win_R,average_loss_R,active_days,calendar_days,median_holding_minutes,ambiguous,break_even_cost_atr,cluster_se,selection_score,closed_trade_return,closed_trade_max_drawdown,equity_ruin,illustrative_risk_fraction,drawdown_basis,span_calendar_days,calendar_basis,mean_net_R_ci95,profit_factor_ci95,mean_valid_replicates,pf_undefined_replicates,bootstrap_repeats,bootstrap_seed,inference_kind,no_contiguous_weekly_claim,historical_candidate
BOOM600,CLOCK_SPIKE,564,563,1,0,243,320,0,0.43161634103019536,0.02317229369098746,-0.197063055803383,13.04600134802594,0.07317229369098747,1.0613826312999588,0.928319814737932,-0.664174105104036,12,12,15.0,0,0.14634458738197495,0.03411528668122918,,0.0313207109461886,0.05080457301875485,False,0.0025,closed trades only; fixed fractional risk illustration,176,twelve scheduled sampled UTC days; unsampled days not observed,"[-0.041706487069330604, 0.0868852227830092]","[0.8969703632031387, 1.2465658598981109]",9999,0,9999,20261005,descriptive_iid_scheduled_day_bootstrap_not_discovery,True,False
BOOM600,BOOST44_SPIKE,88,88,0,0,35,53,0,0.3977272727272727,0.01722487004180143,-0.23804265838792388,1.5157885636785258,0.06722487004180144,1.0431991100646596,1.0458345608832085,-0.6620456805138443,12,12,15.0,0,0.1344497400836029,0.1277240725113776,,0.003472146434171819,0.023829634613823147,False,0.0025,closed trades only; fixed fractional risk illustration,176,twelve scheduled sampled UTC days; unsampled days not observed,"[-0.20764838867130983, 0.25739235817514483]","[0.5450327214541826, 1.7421013781784793]",9999,0,9999,20261005,descriptive_iid_scheduled_day_bootstrap_not_discovery,True,False
BOOM600,RIDGE44_SPIKE,59,59,0,0,24,35,0,0.4067796610169492,0.15825880489420144,-0.25501328886337093,9.337269488757885,0.20825880489420148,1.3961581168964992,1.3711175780546183,-0.6734157824157987,12,12,15.0,0,0.41651760978840296,0.17301678665172635,,0.023324067371746082,0.02070384826752103,False,0.0025,closed trades only; fixed fractional risk illustration,176,twelve scheduled sampled UTC days; unsampled days not observed,"[-0.21870785588007438, 0.4437579158600934]","[0.5705253660637087, 2.37468409309136]",9999,0,9999,20261005,descriptive_iid_scheduled_day_bootstrap_not_discovery,True,False
BOOM600,RIDGE19_SPIKE,35,35,0,0,16,19,0,0.45714285714285713,0.3059037049560936,-0.197484322288223,10.706629673463276,0.3559037049560937,2.037676079873306,1.3140326016008255,-0.5430469448499964,12,12,15.0,0,0.7118074099121874,0.2893159249662191,,0.026969928841410473,0.016746642538123413,False,0.0025,closed trades only; fixed fractional risk illustration,176,twelve scheduled sampled UTC days; unsampled days not observed,"[-0.20849005342463245, 0.9005670488757813]","[0.5127950052779988, 6.77093060961076]",9999,0,9999,20261005,descriptive_iid_scheduled_day_bootstrap_not_discovery,True,False
BOOM600,CLOCK_DRIFT,564,563,1,0,293,270,0,0.5204262877442274,-0.13489569875826404,0.05197746050736342,-75.94627840090266,-0.08489569875826401,0.7030763089794858,0.6137570449057529,-0.9473225650306971,12,12,15.0,0,-0.16979139751652803,0.03315602915263481,,-0.17421415640611815,0.17965806601172374,False,0.0025,closed trades only; fixed fractional risk illustration,176,twelve scheduled sampled UTC days; unsampled days not observed,"[-0.19724530692962208, -0.0734524001162126]","[0.5966446000370312, 0.8239628001233331]",9999,0,9999,20261005,descriptive_iid_scheduled_day_bootstrap_not_discovery,True,False
BOOM600,BOOST44_DRIFT,116,115,1,0,55,60,0,0.4782608695652174,-0.17734234678565086,-0.04739448472292588,-20.39436988034985,-0.1273423467856508,0.6359822475927012,0.6478433892036801,-0.9337626047758708,12,12,15.0,0,-0.2546846935713016,0.09804837748525358,,-0.05001983012578015,0.057119197386470644,False,0.0025,closed trades only; fixed fractional risk illustration,176,twelve scheduled sampled UTC days; unsampled days not observed,"[-0.34020811313419264, 0.0218002260120954]","[0.396208270468251, 1.0567952713694306]",9999,0,9999,20261005,descriptive_iid_scheduled_day_bootstrap_not_discovery,True,False
BOOM600,RIDGE44_DRIFT,49,49,0,0,23,26,0,0.46938775510204084,-0.2255605590022975,-0.13098564282056968,-11.052467391112577,-0.17556055900229747,0.5448084414714146,0.5751498816884348,-0.9338813334594837,12,12,15.0,0,-0.35112111800459495,0.12266107942004584,,-0.027379002975828515,0.03027646708971199,False,0.0025,closed trades only; fixed fractional risk illustration,176,twelve scheduled sampled UTC days; unsampled days not observed,"[-0.44648549279516414, 0.012437320937625965]","[0.2937566984619798, 1.0365841737823942]",9999,0,9999,20261005,descriptive_iid_scheduled_day_bootstrap_not_discovery,True,False
BOOM600,RIDGE19_DRIFT,17,17,0,0,8,9,0,0.47058823529411764,-0.06515839240245952,-0.13098564282056968,-1.1076926708418118,-0.015158392402459498,0.8310478755084344,0.6810698915370155,-0.7284724225708817,10,12,15.0,0,-0.030316784804918995,0.2056283826241955,,-0.0028029408738770023,0.00943060622165326,False,0.0025,closed trades only; fixed fractional risk illustration,176,twelve scheduled sampled UTC days; unsampled days not observed,"[-0.46030057017439724, 0.30675792562863596]","[0.1754962248254292, 2.5468186103646215]",9999,0,9999,20261005,descriptive_iid_scheduled_day_bootstrap_not_discovery,True,False
CRASH600,CLOCK_SPIKE,564,563,1,0,219,344,0,0.38898756660746003,-0.06888581548887009,-0.27840626990599326,-38.78271412023386,-0.01888581548887006,0.8263808993189681,0.8429015496207636,-0.6493550973464568,12,12,15.0,0,-0.03777163097774012,0.03525170394095812,,-0.09379033895606248,0.09790217070862739,False,0.0025,closed trades only; fixed fractional risk illustration,176,twelve scheduled sampled UTC days; unsampled days not observed,"[-0.13721338250393167, -0.0035338906222154493]","[0.6848788703582297, 0.9900564211249834]",9999,0,9999,20261005,descriptive_iid_scheduled_day_bootstrap_not_discovery,True,False
CRASH600,BOOST44_SPIKE,100,100,0,0,35,65,0,0.35,-0.1832932141455875,-0.48978431510623754,-18.32932141455875,-0.1332932141455875,0.6123491144393818,0.8272497721572225,-0.7274317452317158,12,12,15.0,0,-0.266586428291175,0.07518159205339837,,-0.04507345279453767,0.055896706843648,False,0.0025,closed trades only; fixed fractional risk illustration,176,twelve scheduled sampled UTC days; unsampled days not observed,"[-0.3228840989508475, -0.03954251641390388]","[0.3573493809626608, 0.9099189792035314]",9999,0,9999,20261005,descriptive_iid_scheduled_day_bootstrap_not_discovery,True,False
CRASH600,RIDGE44_SPIKE,54,53,1,0,20,33,0,0.37735849056603776,0.031744871258353846,-0.2164548347260135,1.682478176692754,0.08174487125835389,1.0916939227593394,1.0015664863043565,-0.5560258045271023,12,12,15.0,0,0.16348974251670778,0.08020615436807822,,0.004068303112261917,0.0155616472877258,False,0.0025,closed trades only; fixed fractional risk illustration,176,twelve scheduled sampled UTC days; unsampled days not observed,"[-0.1147866921582763, 0.2082439742864096]","[0.6802668210210921, 1.7183039860536309]",9999,0,9999,20261005,descriptive_iid_scheduled_day_bootstrap_not_discovery,True,False
CRASH600,RIDGE19_SPIKE,21,21,0,0,8,13,0,0.38095238095238093,0.009308349942055396,-0.25920966084832486,0.1954753487831633,0.05930834994205543,1.029233332817075,0.8602754344270438,-0.5143637020487066,11,12,15.0,0,0.11861669988411086,0.15074477515498833,,0.00043889799429508436,0.008321252819685543,False,0.0025,closed trades only; fixed fractional risk illustration,176,twelve scheduled sampled UTC days; unsampled days not observed,"[-0.2901687156724015, 0.2754770612264757]","[0.21592740403220292, 2.469621610863132]",9999,0,9999,20261005,descriptive_iid_scheduled_day_bootstrap_not_discovery,True,False
CRASH600,CLOCK_DRIFT,564,563,1,0,316,247,0,0.5612788632326821,-0.03950560276921388,0.15783528612166392,-22.241654359067415,0.010494397230786136,0.8958182919985835,0.6052132922428551,-0.86432815671178,12,12,15.0,0,0.02098879446157227,0.03412346396517108,,-0.05535612170271831,0.09713063797735866,False,0.0025,closed trades only; fixed fractional risk illustration,176,twelve scheduled sampled UTC days; unsampled days not observed,"[-0.09912096000602702, 0.030176991528498703]","[0.7555219195384802, 1.0864558651730154]",9999,0,9999,20261005,descriptive_iid_scheduled_day_bootstrap_not_discovery,True,False
CRASH600,BOOST44_DRIFT,126,126,0,0,67,59,0,0.5317460317460317,-0.08220800526653253,0.14548706437519407,-10.358208663583099,-0.03220800526653253,0.7981948304564686,0.6114859410194553,-0.8699621476590951,12,12,15.0,0,-0.06441601053306506,0.07610636480893371,,-0.025862432576685412,0.03572971152698967,False,0.0025,closed trades only; fixed fractional risk illustration,176,twelve scheduled sampled UTC days; unsampled days not observed,"[-0.23114899690957416, 0.05079281403420518]","[0.5212036160038455, 1.1466150694696453]",9999,0,9999,20261005,descriptive_iid_scheduled_day_bootstrap_not_discovery,True,False
CRASH600,RIDGE44_DRIFT,114,114,0,0,62,52,0,0.543859649122807,-0.1112865066345632,0.14146469634085604,-12.686661756340206,-0.06128650663456316,0.7287964094950625,0.5498781477427909,-0.8995982099306391,12,12,15.0,0,-0.12257301326912633,0.07267962367065228,,-0.03147858028101025,0.04103136079262959,False,0.0025,closed trades only; fixed fractional risk illustration,176,twelve scheduled sampled UTC days; unsampled days not observed,"[-0.2567720971841722, 0.021856744841833923]","[0.4975871101093449, 1.0721618810944398]",9999,0,9999,20261005,descriptive_iid_scheduled_day_bootstrap_not_discovery,True,False
CRASH600,RIDGE19_DRIFT,48,48,0,0,35,13,0,0.7291666666666666,0.16532155738372226,0.3525675686551546,7.935434754418669,0.2153215573837223,1.765309437469238,0.5229816548349622,-0.7976094742157697,12,12,15.0,0,0.4306431147674446,0.08425984490500775,,0.01996360327170743,0.004420298577959558,False,0.0025,closed trades only; fixed fractional risk illustration,176,twelve scheduled sampled UTC days; unsampled days not observed,"[-0.008819148589832767, 0.3119785300121643]","[0.9703296411098428, 3.1937375638684546]",9999,0,9999,20261005,descriptive_iid_scheduled_day_bootstrap_not_discovery,True,False
