symbol,mode,family,status,completed,censored,missing_entry,profit_factor,mean_net_R,active_days,observed_day_clusters,known_prices,known_payoffs,price_oos,historical_gate,live_candidate
BOOM600,SPIKE,CLOCK,TESTED,254,2,0,0.9285045112454551,-0.029747783951777806,5,5,True,True,False,False,False
BOOM600,SPIKE,RIDGE44,TESTED,115,1,0,0.9601938043528448,-0.015387217312982497,5,5,True,True,False,False,False
BOOM600,SPIKE,RIDGE45,TESTED,116,1,0,0.9930589743968338,-0.002639456188844645,5,5,True,True,False,False,False
BOOM600,DRIFT,CLOCK,TESTED,279,1,0,0.9481787498027064,-0.019245821922435805,5,5,True,True,False,False,False
BOOM600,DRIFT,RIDGE44,TESTED,121,1,0,1.0481250664835349,0.016314078294587756,5,5,True,True,False,False,False
BOOM600,DRIFT,RIDGE45,TESTED,123,1,0,1.0495104170901601,0.017329814845661266,5,5,True,True,False,False,False
CRASH600,SPIKE,CLOCK,TESTED,253,1,0,1.0074048755010017,0.0026087851237456797,5,5,True,True,False,False,False
CRASH600,SPIKE,RIDGE44,TESTED,103,1,0,1.0734890127103531,0.028214028170402777,5,5,True,True,False,False,False
CRASH600,SPIKE,RIDGE45,TESTED,100,1,0,0.9067528892978346,-0.03923246935128308,5,5,True,True,False,False,False
CRASH600,DRIFT,CLOCK,TESTED,288,1,0,0.6901869264381624,-0.1311487360905068,5,5,True,True,False,False,False
CRASH600,DRIFT,RIDGE44,TESTED,95,0,0,0.5463546903112585,-0.17113851177245767,5,5,True,True,False,False,False
CRASH600,DRIFT,RIDGE45,TESTED,100,0,0,0.6065009698103758,-0.15364894288047107,5,5,True,True,False,False,False
