training_symbol,evaluation_symbol,cohort,mode,user_target_observed,historical_candidate,trades,completed,censored,invalid_uncensored,wins,losses,flat_trades,win_rate,mean_net_R,median_net_R,sum_net_R,mean_gross_R,profit_factor,average_win_R,average_loss_R,active_days,calendar_days,median_holding_minutes,ambiguous,break_even_cost_atr,cluster_se,selection_score,closed_trade_return,closed_trade_max_drawdown,equity_ruin,illustrative_risk_fraction,drawdown_basis,mean_net_R_ci95,baseline_mean_net_R,baseline_mean_net_R_ci95,baseline_difference,baseline_difference_ci95,mean_p,difference_p,p,bootstrap_repeats,bootstrap_seed,bootstrap_mean_valid_replicates,bootstrap_difference_valid_replicates,baseline_completed,baseline_active_days,paired_utc_day_resampling,empty_resamples_pvalue_policy,inference_status,day_p,weekly_mean_net_R_ci95,weekly_difference_ci95,weekly_p,weekly_block_days,weekly_bootstrap_repeats,weekly_bootstrap_seed,weekly_valid_mean_replicates,weekly_valid_difference_replicates,gain_sum_net_R,loss_sum_net_R,day_profit_factor_ci95,weekly_profit_factor_ci95,day_valid_replicates,day_undefined_replicates,weekly_valid_replicates,weekly_undefined_replicates,profit_factor_ci95,valid_replicates,undefined_replicates,block_days,day,weekly,selected,paired_daily_gain_loss_resampling,undefined_ratio_policy,holm_p
BOOM500,BOOM500,reused_final30,SPIKE,False,False,361,361,0,0,148,213,0,0.4099722991689751,-0.014825927866667503,-0.21589253240355116,-5.3521599598669685,0.035174072133332505,0.9594398284960819,0.85543167961302,-0.6195119649887039,54,55,15.0,0,0.07034814426666501,0.054261808591802026,-0.12117907270659947,-0.01422530083275697,0.044356719044880144,False,0.0025,closed trades only; fixed fractional risk illustration,"[-0.11970243315399184, 0.09150625778096458]",-0.016871472102954106,"[-0.051121451071462584, 0.01807960068338566]",0.002045544236286603,"[-0.09322622630917547, 0.0962356673960129]",1.0,0.4818,1.0,9999,20261005,9999,9999,2591,55,True,conservative exceedance; omitted from CI,AVAILABLE,1.0,"[-0.10995647137045622, 0.07609148979520176]","[-0.08085271115289303, 0.08255508036481328]",1.0,7,9999,20261005,9999,9999,126.60388858272697,131.95604854259392,"[0.6967526575463924, 1.2729625959312105]","[0.7152944619893199, 1.2206340570763057]",9999,0,9999,0,"[0.6967526575463924, 1.2729625959312105]",9999,0,1,"{'profit_factor_ci95': [0.6967526575463924, 1.2729625959312105], 'valid_replicates': 9999, 'undefined_replicates': 0, 'no_loss_replicates': 0, 'empty_replicates': 0, 'nonfinite_ratio_replicates': 0, 'requested_block_days': 1, 'effective_block_days': 1, 'resampled_calendar_days': 55, 'resampling': 'iid_utc_days', 'inference_status': 'AVAILABLE'}","{'profit_factor_ci95': [0.7152944619893199, 1.2206340570763057], 'valid_replicates': 9999, 'undefined_replicates': 0, 'no_loss_replicates': 0, 'empty_replicates': 0, 'nonfinite_ratio_replicates': 0, 'requested_block_days': 7, 'effective_block_days': 7, 'resampled_calendar_days': 55, 'resampling': 'circular_moving_utc_day_blocks', 'inference_status': 'AVAILABLE'}","{'profit_factor_ci95': [0.6967526575463924, 1.2729625959312105], 'valid_replicates': 9999, 'undefined_replicates': 0, 'no_loss_replicates': 0, 'empty_replicates': 0, 'nonfinite_ratio_replicates': 0, 'requested_block_days': 1, 'effective_block_days': 1, 'resampled_calendar_days': 55, 'resampling': 'iid_utc_days', 'inference_status': 'AVAILABLE'}",True,unknown; counted explicitly and omitted from finite-ratio percentile CI,
BOOM500,BOOM500,reused_final30,DRIFT,False,False,77,77,0,0,37,40,0,0.4805194805194805,-0.1741650275175117,-0.08271551586152245,-13.4107071188484,-0.12416502751751171,0.5894231847808505,0.5203346495183788,-0.8165772287757104,42,55,15.0,0,-0.24833005503502342,0.09537241483889178,-0.3610949606017396,-0.0331235480040597,0.040630247028267896,False,0.0025,closed trades only; fixed fractional risk illustration,"[-0.36410216950506186, 0.008214505996822923]",-0.08399141733296613,"[-0.11763754333049194, -0.05033453478725252]",-0.09017361018454557,"[-0.27990515556776846, 0.09133222558204439]",1.0,1.0,1.0,9999,20261005,9999,9999,2591,55,True,conservative exceedance; omitted from CI,AVAILABLE,1.0,"[-0.2863484095320478, -0.0573564467615223]","[-0.19660045789527883, 0.025453979021581825]",1.0,7,9999,20261005,9999,9999,19.252382032180012,32.66308915102841,"[0.33047227979692256, 1.0283325947215483]","[0.40263323101924114, 0.8424910734025889]",9999,0,9999,0,"[0.33047227979692256, 1.0283325947215483]",9999,0,1,"{'profit_factor_ci95': [0.33047227979692256, 1.0283325947215483], 'valid_replicates': 9999, 'undefined_replicates': 0, 'no_loss_replicates': 0, 'empty_replicates': 0, 'nonfinite_ratio_replicates': 0, 'requested_block_days': 1, 'effective_block_days': 1, 'resampled_calendar_days': 55, 'resampling': 'iid_utc_days', 'inference_status': 'AVAILABLE'}","{'profit_factor_ci95': [0.40263323101924114, 0.8424910734025889], 'valid_replicates': 9999, 'undefined_replicates': 0, 'no_loss_replicates': 0, 'empty_replicates': 0, 'nonfinite_ratio_replicates': 0, 'requested_block_days': 7, 'effective_block_days': 7, 'resampled_calendar_days': 55, 'resampling': 'circular_moving_utc_day_blocks', 'inference_status': 'AVAILABLE'}","{'profit_factor_ci95': [0.33047227979692256, 1.0283325947215483], 'valid_replicates': 9999, 'undefined_replicates': 0, 'no_loss_replicates': 0, 'empty_replicates': 0, 'nonfinite_ratio_replicates': 0, 'requested_block_days': 1, 'effective_block_days': 1, 'resampled_calendar_days': 55, 'resampling': 'iid_utc_days', 'inference_status': 'AVAILABLE'}",True,unknown; counted explicitly and omitted from finite-ratio percentile CI,
BOOM500,BOOM500,reused_older180,SPIKE,False,False,1217,1217,0,0,466,751,0,0.3829087921117502,-0.06072306827948297,-0.22854082910436108,-73.89997409613078,-0.010723068279482963,0.8375023470590025,0.8173297549127655,-0.6055601063721432,181,181,15.0,0,-0.021446136558965927,0.027967688702887836,-0.11553973813714313,-0.1711825529755815,0.19714490762654258,False,0.0025,closed trades only; fixed fractional risk illustration,"[-0.11454171609918667, -0.004584776822321023]",-0.05563621834848391,"[-0.07577347400260213, -0.034930672275098065]",-0.00508684993099906,"[-0.054231824879418605, 0.045855518699325956]",1.0,1.0,1.0,9999,20261005,9999,9999,8619,181,True,conservative exceedance; omitted from CI,AVAILABLE,1.0,"[-0.10438047030155174, -0.014902235885039505]","[-0.04499204433127661, 0.034923027406390535]",1.0,7,9999,20261005,9999,9999,380.8756657893488,454.77563988547945,"[0.7107843155898647, 0.9847419005963702]","[0.7328816988840584, 0.9572755604638438]",9999,0,9999,0,"[0.7107843155898647, 0.9847419005963702]",9999,0,1,"{'profit_factor_ci95': [0.7107843155898647, 0.9847419005963702], 'valid_replicates': 9999, 'undefined_replicates': 0, 'no_loss_replicates': 0, 'empty_replicates': 0, 'nonfinite_ratio_replicates': 0, 'requested_block_days': 1, 'effective_block_days': 1, 'resampled_calendar_days': 181, 'resampling': 'iid_utc_days', 'inference_status': 'AVAILABLE'}","{'profit_factor_ci95': [0.7328816988840584, 0.9572755604638438], 'valid_replicates': 9999, 'undefined_replicates': 0, 'no_loss_replicates': 0, 'empty_replicates': 0, 'nonfinite_ratio_replicates': 0, 'requested_block_days': 7, 'effective_block_days': 7, 'resampled_calendar_days': 181, 'resampling': 'circular_moving_utc_day_blocks', 'inference_status': 'AVAILABLE'}","{'profit_factor_ci95': [0.7107843155898647, 0.9847419005963702], 'valid_replicates': 9999, 'undefined_replicates': 0, 'no_loss_replicates': 0, 'empty_replicates': 0, 'nonfinite_ratio_replicates': 0, 'requested_block_days': 1, 'effective_block_days': 1, 'resampled_calendar_days': 181, 'resampling': 'iid_utc_days', 'inference_status': 'AVAILABLE'}",True,unknown; counted explicitly and omitted from finite-ratio percentile CI,
BOOM500,BOOM500,reused_older180,DRIFT,False,False,216,216,0,0,138,78,0,0.6388888888888888,0.09306878762958934,0.2405611944754057,20.102858127991297,0.14306878762958938,1.3440995052243443,0.5690181173201115,-0.7489954110536423,123,181,15.0,0,0.28613757525917877,0.054880848769364624,-0.01449767595836532,0.05111876480144506,0.02109719311306313,False,0.0025,closed trades only; fixed fractional risk illustration,"[-0.015606330042346827, 0.1991404806987713]",-0.05492602717718681,"[-0.0735977300860652, -0.03634356553857439]",0.14799481480677615,"[0.03707171098528115, 0.2566267014519986]",0.0449,0.0028,0.0449,9999,20261005,9999,9999,8619,181,True,conservative exceedance; omitted from CI,AVAILABLE,0.0449,"[-0.009747112853429687, 0.19267948900566784]","[0.044683154014415, 0.24829188718133316]",0.0335,7,9999,20261005,9999,9999,78.52450019017539,58.4216420621841,"[0.946917714134661, 1.9356767284101022]","[0.9705359142245069, 1.9266747254731202]",9999,0,9999,0,"[0.946917714134661, 1.9356767284101022]",9999,0,1,"{'profit_factor_ci95': [0.946917714134661, 1.9356767284101022], 'valid_replicates': 9999, 'undefined_replicates': 0, 'no_loss_replicates': 0, 'empty_replicates': 0, 'nonfinite_ratio_replicates': 0, 'requested_block_days': 1, 'effective_block_days': 1, 'resampled_calendar_days': 181, 'resampling': 'iid_utc_days', 'inference_status': 'AVAILABLE'}","{'profit_factor_ci95': [0.9705359142245069, 1.9266747254731202], 'valid_replicates': 9999, 'undefined_replicates': 0, 'no_loss_replicates': 0, 'empty_replicates': 0, 'nonfinite_ratio_replicates': 0, 'requested_block_days': 7, 'effective_block_days': 7, 'resampled_calendar_days': 181, 'resampling': 'circular_moving_utc_day_blocks', 'inference_status': 'AVAILABLE'}","{'profit_factor_ci95': [0.946917714134661, 1.9356767284101022], 'valid_replicates': 9999, 'undefined_replicates': 0, 'no_loss_replicates': 0, 'empty_replicates': 0, 'nonfinite_ratio_replicates': 0, 'requested_block_days': 1, 'effective_block_days': 1, 'resampled_calendar_days': 181, 'resampling': 'iid_utc_days', 'inference_status': 'AVAILABLE'}",True,unknown; counted explicitly and omitted from finite-ratio percentile CI,
BOOM500,BOOM300N,cross_symbol_transfer,SPIKE,False,False,8354,8354,0,0,3477,4877,0,0.4162078046444817,-0.06253822058839582,-0.1753079502328165,-522.4442947954587,-0.012538220588395802,0.8198983604955653,0.6840339417395195,-0.5947980951863374,180,181,15.0,0,-0.025076441176791604,0.008861685407641425,-0.07990712398737301,-0.7335390658270853,0.7465389006746648,False,0.0025,closed trades only; fixed fractional risk illustration,"[-0.07964593257178139, -0.04476764040941394]",-0.06422573270005551,"[-0.08082585421109015, -0.04710926166549782]",0.0016875121116596836,"[-0.0013917528191011506, 0.004673105947925795]",1.0,0.1357,1.0,9999,20261005,9999,9999,8607,180,True,conservative exceedance; omitted from CI,AVAILABLE,1.0,"[-0.07757813870666787, -0.046956354387071055]","[-0.0013196691452283644, 0.004741894648454072]",1.0,7,9999,20261005,9999,9999,2378.3860154283093,2900.830310223768,"[0.7748980376833777, 0.8662565507436365]","[0.7803773252849905, 0.8618188551356467]",9999,0,9999,0,"[0.7748980376833777, 0.8662565507436365]",9999,0,1,"{'profit_factor_ci95': [0.7748980376833777, 0.8662565507436365], 'valid_replicates': 9999, 'undefined_replicates': 0, 'no_loss_replicates': 0, 'empty_replicates': 0, 'nonfinite_ratio_replicates': 0, 'requested_block_days': 1, 'effective_block_days': 1, 'resampled_calendar_days': 181, 'resampling': 'iid_utc_days', 'inference_status': 'AVAILABLE'}","{'profit_factor_ci95': [0.7803773252849905, 0.8618188551356467], 'valid_replicates': 9999, 'undefined_replicates': 0, 'no_loss_replicates': 0, 'empty_replicates': 0, 'nonfinite_ratio_replicates': 0, 'requested_block_days': 7, 'effective_block_days': 7, 'resampled_calendar_days': 181, 'resampling': 'circular_moving_utc_day_blocks', 'inference_status': 'AVAILABLE'}","{'profit_factor_ci95': [0.7748980376833777, 0.8662565507436365], 'valid_replicates': 9999, 'undefined_replicates': 0, 'no_loss_replicates': 0, 'empty_replicates': 0, 'nonfinite_ratio_replicates': 0, 'requested_block_days': 1, 'effective_block_days': 1, 'resampled_calendar_days': 181, 'resampling': 'iid_utc_days', 'inference_status': 'AVAILABLE'}",True,unknown; counted explicitly and omitted from finite-ratio percentile CI,1.0
BOOM500,BOOM300N,cross_symbol_transfer,DRIFT,False,False,0,0,0,0,0,0,0,,,,0.0,,,,,0,181,,0,,,,0.0,0.0,False,0.0025,closed trades only; fixed fractional risk illustration,"[None, None]",-0.04187691728570668,"[-0.05883991610708815, -0.02513617145287523]",,"[None, None]",1.0,1.0,1.0,9999,20261005,0,0,8607,180,True,conservative exceedance; omitted from CI,INSUFFICIENT_EXPOSURE,1.0,"[None, None]","[None, None]",1.0,7,9999,20261005,0,0,0.0,0.0,"[None, None]","[None, None]",0,9999,0,9999,"[None, None]",0,9999,1,"{'profit_factor_ci95': [None, None], 'valid_replicates': 0, 'undefined_replicates': 9999, 'no_loss_replicates': 9999, 'empty_replicates': 9999, 'nonfinite_ratio_replicates': 0, 'requested_block_days': 1, 'effective_block_days': 1, 'resampled_calendar_days': 181, 'resampling': 'iid_utc_days', 'inference_status': 'NO_FINITE_RATIOS'}","{'profit_factor_ci95': [None, None], 'valid_replicates': 0, 'undefined_replicates': 9999, 'no_loss_replicates': 9999, 'empty_replicates': 9999, 'nonfinite_ratio_replicates': 0, 'requested_block_days': 7, 'effective_block_days': 7, 'resampled_calendar_days': 181, 'resampling': 'circular_moving_utc_day_blocks', 'inference_status': 'NO_FINITE_RATIOS'}","{'profit_factor_ci95': [None, None], 'valid_replicates': 0, 'undefined_replicates': 9999, 'no_loss_replicates': 9999, 'empty_replicates': 9999, 'nonfinite_ratio_replicates': 0, 'requested_block_days': 1, 'effective_block_days': 1, 'resampled_calendar_days': 181, 'resampling': 'iid_utc_days', 'inference_status': 'NO_FINITE_RATIOS'}",True,unknown; counted explicitly and omitted from finite-ratio percentile CI,1.0
CRASH500,CRASH500,reused_final30,SPIKE,False,False,323,323,0,0,161,162,0,0.4984520123839009,0.07419995190835771,-0.0014275612127880796,23.96658446639954,0.12419995190835773,1.2365860429927695,0.7780643017452123,-0.6253195562628374,55,55,15.0,0,0.24839990381671545,0.05781669840668263,-0.03912077696874025,0.06091518035713528,0.047263449699122106,False,0.0025,closed trades only; fixed fractional risk illustration,"[-0.03995707694386273, 0.18636869765959918]",-0.045555252132839355,"[-0.08107871640626793, -0.009290990577135587]",0.11975520404119706,"[0.015286151618617443, 0.2192410401912246]",0.094,0.0106,0.143,9999,20261005,9999,9999,2591,55,True,conservative exceedance; omitted from CI,AVAILABLE,0.094,"[-0.05869304310845499, 0.21197600911091355]","[0.0050504199930488484, 0.24479543492653524]",0.143,7,9999,20261005,9999,9999,125.26835258097915,101.30176811457964,"[0.8866854288723653, 1.7000212763988396]","[0.8405078290963761, 1.820247426798141]",9999,0,9999,0,"[0.8866854288723653, 1.7000212763988396]",9999,0,1,"{'profit_factor_ci95': [0.8866854288723653, 1.7000212763988396], 'valid_replicates': 9999, 'undefined_replicates': 0, 'no_loss_replicates': 0, 'empty_replicates': 0, 'nonfinite_ratio_replicates': 0, 'requested_block_days': 1, 'effective_block_days': 1, 'resampled_calendar_days': 55, 'resampling': 'iid_utc_days', 'inference_status': 'AVAILABLE'}","{'profit_factor_ci95': [0.8405078290963761, 1.820247426798141], 'valid_replicates': 9999, 'undefined_replicates': 0, 'no_loss_replicates': 0, 'empty_replicates': 0, 'nonfinite_ratio_replicates': 0, 'requested_block_days': 7, 'effective_block_days': 7, 'resampled_calendar_days': 55, 'resampling': 'circular_moving_utc_day_blocks', 'inference_status': 'AVAILABLE'}","{'profit_factor_ci95': [0.8866854288723653, 1.7000212763988396], 'valid_replicates': 9999, 'undefined_replicates': 0, 'no_loss_replicates': 0, 'empty_replicates': 0, 'nonfinite_ratio_replicates': 0, 'requested_block_days': 1, 'effective_block_days': 1, 'resampled_calendar_days': 55, 'resampling': 'iid_utc_days', 'inference_status': 'AVAILABLE'}",True,unknown; counted explicitly and omitted from finite-ratio percentile CI,
CRASH500,CRASH500,reused_final30,DRIFT,False,False,218,218,0,0,120,98,0,0.5504587155963303,-0.09811661728052422,0.06971316366309968,-21.38942256715428,-0.04811661728052418,0.7309368918959254,0.4842209126094964,-0.8111829804111617,54,55,15.0,0,-0.09623323456104836,0.05705061132106263,-0.20993581546980697,-0.05245206256190271,0.05245206256190271,False,0.0025,closed trades only; fixed fractional risk illustration,"[-0.2044787070314598, 0.012845533630963421]",-0.07420770906305461,"[-0.10686782014635263, -0.04117894792398352]",-0.023908908217469604,"[-0.13646482312164385, 0.08843229932872868]",1.0,1.0,1.0,9999,20261005,9999,9999,2591,55,True,conservative exceedance; omitted from CI,AVAILABLE,1.0,"[-0.16669819571488934, -0.02136060756729732]","[-0.0987722677359661, 0.06076048982769074]",1.0,7,9999,20261005,9999,9999,58.10650951313958,79.49593208029385,"[0.5209175232750587, 1.0422988898880166]","[0.581469994744893, 0.934445622366398]",9999,0,9999,0,"[0.5209175232750587, 1.0422988898880166]",9999,0,1,"{'profit_factor_ci95': [0.5209175232750587, 1.0422988898880166], 'valid_replicates': 9999, 'undefined_replicates': 0, 'no_loss_replicates': 0, 'empty_replicates': 0, 'nonfinite_ratio_replicates': 0, 'requested_block_days': 1, 'effective_block_days': 1, 'resampled_calendar_days': 55, 'resampling': 'iid_utc_days', 'inference_status': 'AVAILABLE'}","{'profit_factor_ci95': [0.581469994744893, 0.934445622366398], 'valid_replicates': 9999, 'undefined_replicates': 0, 'no_loss_replicates': 0, 'empty_replicates': 0, 'nonfinite_ratio_replicates': 0, 'requested_block_days': 7, 'effective_block_days': 7, 'resampled_calendar_days': 55, 'resampling': 'circular_moving_utc_day_blocks', 'inference_status': 'AVAILABLE'}","{'profit_factor_ci95': [0.5209175232750587, 1.0422988898880166], 'valid_replicates': 9999, 'undefined_replicates': 0, 'no_loss_replicates': 0, 'empty_replicates': 0, 'nonfinite_ratio_replicates': 0, 'requested_block_days': 1, 'effective_block_days': 1, 'resampled_calendar_days': 55, 'resampling': 'iid_utc_days', 'inference_status': 'AVAILABLE'}",True,unknown; counted explicitly and omitted from finite-ratio percentile CI,
CRASH500,CRASH500,reused_older180,SPIKE,False,False,1037,1037,0,0,402,635,0,0.3876567020250723,-0.0809193152840674,-0.2488605881000553,-83.9133299495779,-0.030919315284067397,0.7964697470302491,0.8168554565187874,-0.6492743676694968,180,181,15.0,0,-0.061838630568134795,0.028383342799854848,-0.1365506671717829,-0.19134162061694537,0.19134162061694537,False,0.0025,closed trades only; fixed fractional risk illustration,"[-0.1363717455455437, -0.024529396309492114]",-0.05559221638553193,"[-0.07593319613952393, -0.03584853841522604]",-0.025327098898535468,"[-0.07775466941660714, 0.027468005476949654]",1.0,1.0,1.0,9999,20261005,9999,9999,8619,181,True,conservative exceedance; omitted from CI,AVAILABLE,1.0,"[-0.13514421922486503, -0.027436666493054495]","[-0.07512445509480646, 0.02418983101876989]",1.0,7,9999,20261005,9999,9999,328.3758935205526,412.2892234701304,"[0.6758916801921625, 0.9349181917870398]","[0.6753372571891714, 0.9275369721041051]",9999,0,9999,0,"[0.6758916801921625, 0.9349181917870398]",9999,0,1,"{'profit_factor_ci95': [0.6758916801921625, 0.9349181917870398], 'valid_replicates': 9999, 'undefined_replicates': 0, 'no_loss_replicates': 0, 'empty_replicates': 0, 'nonfinite_ratio_replicates': 0, 'requested_block_days': 1, 'effective_block_days': 1, 'resampled_calendar_days': 181, 'resampling': 'iid_utc_days', 'inference_status': 'AVAILABLE'}","{'profit_factor_ci95': [0.6753372571891714, 0.9275369721041051], 'valid_replicates': 9999, 'undefined_replicates': 0, 'no_loss_replicates': 0, 'empty_replicates': 0, 'nonfinite_ratio_replicates': 0, 'requested_block_days': 7, 'effective_block_days': 7, 'resampled_calendar_days': 181, 'resampling': 'circular_moving_utc_day_blocks', 'inference_status': 'AVAILABLE'}","{'profit_factor_ci95': [0.6758916801921625, 0.9349181917870398], 'valid_replicates': 9999, 'undefined_replicates': 0, 'no_loss_replicates': 0, 'empty_replicates': 0, 'nonfinite_ratio_replicates': 0, 'requested_block_days': 1, 'effective_block_days': 1, 'resampled_calendar_days': 181, 'resampling': 'iid_utc_days', 'inference_status': 'AVAILABLE'}",True,unknown; counted explicitly and omitted from finite-ratio percentile CI,
CRASH500,CRASH500,reused_older180,DRIFT,False,False,743,743,0,0,413,330,0,0.5558546433378196,-0.06959380321069546,0.08757955280266462,-51.70819578554673,-0.019593803210695433,0.8022421804017115,0.5079034472005332,-0.7923403620586877,177,181,15.0,0,-0.039187606421390866,0.029148384466368648,-0.12672463676477802,-0.12249628655136657,0.1371841372121123,False,0.0025,closed trades only; fixed fractional risk illustration,"[-0.12595534811405043, -0.012502842220125796]",-0.05656075540210233,"[-0.07528883172958727, -0.03764747686153309]",-0.013033047808593129,"[-0.06774280641501643, 0.043074598890500755]",1.0,1.0,1.0,9999,20261005,9999,9999,8619,181,True,conservative exceedance; omitted from CI,AVAILABLE,1.0,"[-0.12557043102503548, -0.015302634709829073]","[-0.06465506749275618, 0.03867313042824282]",1.0,7,9999,20261005,9999,9999,209.76412369382024,261.47231947936694,"[0.6710569982154712, 0.9622246802472946]","[0.6738471739001121, 0.9523600429342486]",9999,0,9999,0,"[0.6710569982154712, 0.9622246802472946]",9999,0,1,"{'profit_factor_ci95': [0.6710569982154712, 0.9622246802472946], 'valid_replicates': 9999, 'undefined_replicates': 0, 'no_loss_replicates': 0, 'empty_replicates': 0, 'nonfinite_ratio_replicates': 0, 'requested_block_days': 1, 'effective_block_days': 1, 'resampled_calendar_days': 181, 'resampling': 'iid_utc_days', 'inference_status': 'AVAILABLE'}","{'profit_factor_ci95': [0.6738471739001121, 0.9523600429342486], 'valid_replicates': 9999, 'undefined_replicates': 0, 'no_loss_replicates': 0, 'empty_replicates': 0, 'nonfinite_ratio_replicates': 0, 'requested_block_days': 7, 'effective_block_days': 7, 'resampled_calendar_days': 181, 'resampling': 'circular_moving_utc_day_blocks', 'inference_status': 'AVAILABLE'}","{'profit_factor_ci95': [0.6710569982154712, 0.9622246802472946], 'valid_replicates': 9999, 'undefined_replicates': 0, 'no_loss_replicates': 0, 'empty_replicates': 0, 'nonfinite_ratio_replicates': 0, 'requested_block_days': 1, 'effective_block_days': 1, 'resampled_calendar_days': 181, 'resampling': 'iid_utc_days', 'inference_status': 'AVAILABLE'}",True,unknown; counted explicitly and omitted from finite-ratio percentile CI,
CRASH500,CRASH300N,cross_symbol_transfer,SPIKE,False,False,8607,8607,0,0,3572,5035,0,0.41501103752759383,-0.05023882085074757,-0.1677251786385896,-432.40553106238434,-0.00023882085074755486,0.8541678393421271,0.7090383008244472,-0.5888957977373008,181,181,15.0,0,-0.0004776417014951097,0.00866244364357809,-0.06721721039216064,-0.6665800046667293,0.6752653691193851,False,0.0025,closed trades only; fixed fractional risk illustration,"[-0.06691246274221861, -0.03295534729040195]",-0.050402717390184176,"[-0.06705245736963598, -0.03321831056130113]",0.0001638965394366032,"[-0.00018065936372523884, 0.0005147332705657664]",1.0,0.1758,1.0,9999,20261005,9999,9999,8619,181,True,conservative exceedance; omitted from CI,AVAILABLE,1.0,"[-0.06916975565479316, -0.030973328429653797]","[-0.0001971862298125005, 0.0005487320864448116]",1.0,7,9999,20261005,9999,9999,2532.6848105449253,2965.0903416073097,"[0.8089495961586242, 0.9019338191746842]","[0.803832829465332, 0.9077456132665531]",9999,0,9999,0,"[0.8089495961586242, 0.9019338191746842]",9999,0,1,"{'profit_factor_ci95': [0.8089495961586242, 0.9019338191746842], 'valid_replicates': 9999, 'undefined_replicates': 0, 'no_loss_replicates': 0, 'empty_replicates': 0, 'nonfinite_ratio_replicates': 0, 'requested_block_days': 1, 'effective_block_days': 1, 'resampled_calendar_days': 181, 'resampling': 'iid_utc_days', 'inference_status': 'AVAILABLE'}","{'profit_factor_ci95': [0.803832829465332, 0.9077456132665531], 'valid_replicates': 9999, 'undefined_replicates': 0, 'no_loss_replicates': 0, 'empty_replicates': 0, 'nonfinite_ratio_replicates': 0, 'requested_block_days': 7, 'effective_block_days': 7, 'resampled_calendar_days': 181, 'resampling': 'circular_moving_utc_day_blocks', 'inference_status': 'AVAILABLE'}","{'profit_factor_ci95': [0.8089495961586242, 0.9019338191746842], 'valid_replicates': 9999, 'undefined_replicates': 0, 'no_loss_replicates': 0, 'empty_replicates': 0, 'nonfinite_ratio_replicates': 0, 'requested_block_days': 1, 'effective_block_days': 1, 'resampled_calendar_days': 181, 'resampling': 'iid_utc_days', 'inference_status': 'AVAILABLE'}",True,unknown; counted explicitly and omitted from finite-ratio percentile CI,1.0
CRASH500,CRASH300N,cross_symbol_transfer,DRIFT,False,False,0,0,0,0,0,0,0,,,,0.0,,,,,0,181,,0,,,,0.0,0.0,False,0.0025,closed trades only; fixed fractional risk illustration,"[None, None]",-0.05879132391267421,"[-0.07498660677423996, -0.04291896029432994]",,"[None, None]",1.0,1.0,1.0,9999,20261005,0,0,8619,181,True,conservative exceedance; omitted from CI,INSUFFICIENT_EXPOSURE,1.0,"[None, None]","[None, None]",1.0,7,9999,20261005,0,0,0.0,0.0,"[None, None]","[None, None]",0,9999,0,9999,"[None, None]",0,9999,1,"{'profit_factor_ci95': [None, None], 'valid_replicates': 0, 'undefined_replicates': 9999, 'no_loss_replicates': 9999, 'empty_replicates': 9999, 'nonfinite_ratio_replicates': 0, 'requested_block_days': 1, 'effective_block_days': 1, 'resampled_calendar_days': 181, 'resampling': 'iid_utc_days', 'inference_status': 'NO_FINITE_RATIOS'}","{'profit_factor_ci95': [None, None], 'valid_replicates': 0, 'undefined_replicates': 9999, 'no_loss_replicates': 9999, 'empty_replicates': 9999, 'nonfinite_ratio_replicates': 0, 'requested_block_days': 7, 'effective_block_days': 7, 'resampled_calendar_days': 181, 'resampling': 'circular_moving_utc_day_blocks', 'inference_status': 'NO_FINITE_RATIOS'}","{'profit_factor_ci95': [None, None], 'valid_replicates': 0, 'undefined_replicates': 9999, 'no_loss_replicates': 9999, 'empty_replicates': 9999, 'nonfinite_ratio_replicates': 0, 'requested_block_days': 1, 'effective_block_days': 1, 'resampled_calendar_days': 181, 'resampling': 'iid_utc_days', 'inference_status': 'NO_FINITE_RATIOS'}",True,unknown; counted explicitly and omitted from finite-ratio percentile CI,1.0
