symbol,cohort,model,historical_candidate,trades,completed,censored,invalid_uncensored,wins,losses,flat_trades,win_rate,mean_net_R,median_net_R,sum_net_R,mean_gross_R,profit_factor,average_win_R,average_loss_R,active_days,calendar_days,median_holding_minutes,ambiguous,break_even_cost_atr,cluster_se,selection_score,closed_trade_return,closed_trade_max_drawdown,equity_ruin,illustrative_risk_fraction,drawdown_basis,mean_net_R_ci95,baseline_mean_net_R,baseline_mean_net_R_ci95,baseline_difference,baseline_difference_ci95,mean_p,difference_p,p,bootstrap_repeats,bootstrap_seed,bootstrap_mean_valid_replicates,bootstrap_difference_valid_replicates,baseline_completed,baseline_active_days,paired_utc_day_resampling,empty_resamples_pvalue_policy,inference_status,day_p,weekly_mean_net_R_ci95,weekly_difference_ci95,weekly_p,weekly_block_days,weekly_bootstrap_repeats,weekly_bootstrap_seed,weekly_valid_mean_replicates,weekly_valid_difference_replicates,clock_conjunction_p,gain_sum_net_R,loss_sum_net_R,day_profit_factor_ci95,weekly_profit_factor_ci95,day_valid_replicates,day_undefined_replicates,weekly_valid_replicates,weekly_undefined_replicates,profit_factor_ci95,valid_replicates,undefined_replicates,block_days,day,weekly,selected,paired_daily_gain_loss_resampling,undefined_ratio_policy,holm_p
BOOM600,old_final30,BOOST44_SPIKE,False,401,401,0,0,170,231,0,0.4239401496259352,0.017733645825998026,-0.20648772785992325,7.111191976225208,0.06773364582599806,1.0440315696795621,0.9918430284641354,-0.6991433890159213,55,55,15.0,0,0.1354672916519961,0.05033826750319893,-0.08092935848027188,0.016565544751113048,0.04109338173575705,False,0.0025,closed trades only; fixed fractional risk illustration,"[-0.0768299297740559, 0.11672705722156225]",-0.03348272264941654,"[-0.07370985568286377, 0.006320304783447852]",0.05121636847541457,"[-0.03552736723065319, 0.14274744005633916]",0.3637,0.1374,1.0,9999,20261005,9999,9999,2591,55,True,conservative exceedance; omitted from CI,AVAILABLE,0.3637,"[-0.08909971422600213, 0.12623205449941874]","[-0.035650912102591935, 0.13689466863704225]",0.3628,7,9999,20261005,9999,9999,0.3637,168.61331483890305,161.50212286267785,"[0.8177989070367306, 1.3277171493892286]","[0.7957630195915905, 1.3534273794642135]",9999,0,9999,0,"[0.8177989070367306, 1.3277171493892286]",9999,0,1,"{'profit_factor_ci95': [0.8177989070367306, 1.3277171493892286], 'valid_replicates': 9999, 'undefined_replicates': 0, 'no_loss_replicates': 0, 'empty_replicates': 0, 'nonfinite_ratio_replicates': 0, 'requested_block_days': 1, 'effective_block_days': 1, 'resampled_calendar_days': 55, 'resampling': 'iid_utc_days', 'inference_status': 'AVAILABLE'}","{'profit_factor_ci95': [0.7957630195915905, 1.3534273794642135], 'valid_replicates': 9999, 'undefined_replicates': 0, 'no_loss_replicates': 0, 'empty_replicates': 0, 'nonfinite_ratio_replicates': 0, 'requested_block_days': 7, 'effective_block_days': 7, 'resampled_calendar_days': 55, 'resampling': 'circular_moving_utc_day_blocks', 'inference_status': 'AVAILABLE'}","{'profit_factor_ci95': [0.8177989070367306, 1.3277171493892286], 'valid_replicates': 9999, 'undefined_replicates': 0, 'no_loss_replicates': 0, 'empty_replicates': 0, 'nonfinite_ratio_replicates': 0, 'requested_block_days': 1, 'effective_block_days': 1, 'resampled_calendar_days': 55, 'resampling': 'iid_utc_days', 'inference_status': 'AVAILABLE'}",True,unknown; counted explicitly and omitted from finite-ratio percentile CI,
BOOM600,old_final30,RIDGE44_SPIKE,False,267,267,0,0,114,153,0,0.42696629213483145,0.053498587766198286,-0.21790265218568916,14.284122933574942,0.10349858776619832,1.1342772257429434,1.0584383822625005,-0.6952800826428112,54,55,15.0,0,0.20699717553239663,0.051697273240459925,-0.047828067785103165,0.03535979411848533,0.023802066396046206,False,0.0025,closed trades only; fixed fractional risk illustration,"[-0.05012496082257134, 0.1526154975604793]",-0.03348272264941654,"[-0.07370985568286377, 0.006320304783447852]",0.08698131041561483,"[-0.021214649817095078, 0.19093176938775583]",0.1465,0.0498,0.1548,9999,20261005,9999,9999,2591,55,True,conservative exceedance; omitted from CI,AVAILABLE,0.1465,"[-0.048704345628626425, 0.1551713168508928]","[-0.009738774663755811, 0.18831980245488686]",0.1548,7,9999,20261005,9999,9999,0.1548,120.66197557792506,106.3778526443501,"[0.886252148459781, 1.4166396091940558]","[0.8911302593473233, 1.451032148088373]",9999,0,9999,0,"[0.886252148459781, 1.4166396091940558]",9999,0,1,"{'profit_factor_ci95': [0.886252148459781, 1.4166396091940558], 'valid_replicates': 9999, 'undefined_replicates': 0, 'no_loss_replicates': 0, 'empty_replicates': 0, 'nonfinite_ratio_replicates': 0, 'requested_block_days': 1, 'effective_block_days': 1, 'resampled_calendar_days': 55, 'resampling': 'iid_utc_days', 'inference_status': 'AVAILABLE'}","{'profit_factor_ci95': [0.8911302593473233, 1.451032148088373], 'valid_replicates': 9999, 'undefined_replicates': 0, 'no_loss_replicates': 0, 'empty_replicates': 0, 'nonfinite_ratio_replicates': 0, 'requested_block_days': 7, 'effective_block_days': 7, 'resampled_calendar_days': 55, 'resampling': 'circular_moving_utc_day_blocks', 'inference_status': 'AVAILABLE'}","{'profit_factor_ci95': [0.886252148459781, 1.4166396091940558], 'valid_replicates': 9999, 'undefined_replicates': 0, 'no_loss_replicates': 0, 'empty_replicates': 0, 'nonfinite_ratio_replicates': 0, 'requested_block_days': 1, 'effective_block_days': 1, 'resampled_calendar_days': 55, 'resampling': 'iid_utc_days', 'inference_status': 'AVAILABLE'}",True,unknown; counted explicitly and omitted from finite-ratio percentile CI,
BOOM600,old_final30,RIDGE19_SPIKE,False,134,134,0,0,55,79,0,0.41044776119402987,0.036248233141898054,-0.19816437277762178,4.857263241014339,0.08624823314189806,1.097171184663857,0.9971622915323571,-0.6327425670033584,50,55,15.0,0,0.1724964662837961,0.08737839955998207,-0.1350134299956668,0.011781447362581687,0.029677690086242214,False,0.0025,closed trades only; fixed fractional risk illustration,"[-0.13099360979822186, 0.21312929448855217]",-0.03348272264941654,"[-0.07370985568286377, 0.006320304783447852]",0.0697309557913146,"[-0.09672410747070213, 0.24734795804528628]",0.3373,0.2176,0.3634,9999,20261005,9999,9999,2591,55,True,conservative exceedance; omitted from CI,AVAILABLE,0.3373,"[-0.15073902036125492, 0.25219556123939507]","[-0.11588291887377525, 0.28489249895518814]",0.3634,7,9999,20261005,9999,9999,0.3634,54.84392603427964,49.98666279326531,"[0.7017656260329489, 1.6662899403178006]","[0.667387320444688, 1.8858011638659917]",9999,0,9999,0,"[0.7017656260329489, 1.6662899403178006]",9999,0,1,"{'profit_factor_ci95': [0.7017656260329489, 1.6662899403178006], 'valid_replicates': 9999, 'undefined_replicates': 0, 'no_loss_replicates': 0, 'empty_replicates': 0, 'nonfinite_ratio_replicates': 0, 'requested_block_days': 1, 'effective_block_days': 1, 'resampled_calendar_days': 55, 'resampling': 'iid_utc_days', 'inference_status': 'AVAILABLE'}","{'profit_factor_ci95': [0.667387320444688, 1.8858011638659917], 'valid_replicates': 9999, 'undefined_replicates': 0, 'no_loss_replicates': 0, 'empty_replicates': 0, 'nonfinite_ratio_replicates': 0, 'requested_block_days': 7, 'effective_block_days': 7, 'resampled_calendar_days': 55, 'resampling': 'circular_moving_utc_day_blocks', 'inference_status': 'AVAILABLE'}","{'profit_factor_ci95': [0.7017656260329489, 1.6662899403178006], 'valid_replicates': 9999, 'undefined_replicates': 0, 'no_loss_replicates': 0, 'empty_replicates': 0, 'nonfinite_ratio_replicates': 0, 'requested_block_days': 1, 'effective_block_days': 1, 'resampled_calendar_days': 55, 'resampling': 'iid_utc_days', 'inference_status': 'AVAILABLE'}",True,unknown; counted explicitly and omitted from finite-ratio percentile CI,
BOOM600,old_final30,BOOST44_DRIFT,False,458,458,0,0,254,204,0,0.5545851528384279,-0.0879973777555984,0.17151499714956597,-40.30279901206407,-0.03799737775559838,0.8041466695387558,0.6514870669045,-1.0087280098323874,55,55,15.0,0,-0.07599475551119676,0.04898270219153065,-0.18400347405099848,-0.09707679626554144,0.15160350422602287,False,0.0025,closed trades only; fixed fractional risk illustration,"[-0.18341270839046708, 0.008254086257866954]",-0.07833721884312253,"[-0.11201154636860867, -0.044146409884301394]",-0.009660158912475875,"[-0.093611035223673, 0.0751555974552095]",1.0,1.0,1.0,9999,20261005,9999,9999,2591,55,True,conservative exceedance; omitted from CI,AVAILABLE,1.0,"[-0.196463810790893, 0.03363904373212133]","[-0.10470178036157765, 0.09348237394190816]",1.0,7,9999,20261005,9999,9999,1.0,165.47771499374306,205.78051400580708,"[0.6345601643769364, 1.018461692055922]","[0.6146565175586282, 1.0881211978296432]",9999,0,9999,0,"[0.6345601643769364, 1.018461692055922]",9999,0,1,"{'profit_factor_ci95': [0.6345601643769364, 1.018461692055922], 'valid_replicates': 9999, 'undefined_replicates': 0, 'no_loss_replicates': 0, 'empty_replicates': 0, 'nonfinite_ratio_replicates': 0, 'requested_block_days': 1, 'effective_block_days': 1, 'resampled_calendar_days': 55, 'resampling': 'iid_utc_days', 'inference_status': 'AVAILABLE'}","{'profit_factor_ci95': [0.6146565175586282, 1.0881211978296432], 'valid_replicates': 9999, 'undefined_replicates': 0, 'no_loss_replicates': 0, 'empty_replicates': 0, 'nonfinite_ratio_replicates': 0, 'requested_block_days': 7, 'effective_block_days': 7, 'resampled_calendar_days': 55, 'resampling': 'circular_moving_utc_day_blocks', 'inference_status': 'AVAILABLE'}","{'profit_factor_ci95': [0.6345601643769364, 1.018461692055922], 'valid_replicates': 9999, 'undefined_replicates': 0, 'no_loss_replicates': 0, 'empty_replicates': 0, 'nonfinite_ratio_replicates': 0, 'requested_block_days': 1, 'effective_block_days': 1, 'resampled_calendar_days': 55, 'resampling': 'iid_utc_days', 'inference_status': 'AVAILABLE'}",True,unknown; counted explicitly and omitted from finite-ratio percentile CI,
BOOM600,old_final30,RIDGE44_DRIFT,False,264,264,0,0,142,122,0,0.5378787878787878,-0.02803884900013242,0.08713300474150468,-7.402256136034959,0.021961150999867608,0.9212699582957191,0.6099892652708511,-0.7706617361024246,54,55,15.0,0,0.043922301999735215,0.05607426945181849,-0.13794441712569666,-0.018902554659508075,0.04152506699231118,False,0.0025,closed trades only; fixed fractional risk illustration,"[-0.14356282496247488, 0.07589930214544018]",-0.07833721884312253,"[-0.11201154636860867, -0.044146409884301394]",0.05029836984299011,"[-0.05383669431598601, 0.1439481923118961]",1.0,0.1645,1.0,9999,20261005,9999,9999,2591,55,True,conservative exceedance; omitted from CI,AVAILABLE,1.0,"[-0.10507552583986897, 0.05653747394309956]","[-0.03343375095240994, 0.13640387992740333]",1.0,7,9999,20261005,9999,9999,1.0,86.61847566846086,94.02073180449582,"[0.6686375846609318, 1.2779435804483523]","[0.7403167728205924, 1.1810210843651265]",9999,0,9999,0,"[0.6686375846609318, 1.2779435804483523]",9999,0,1,"{'profit_factor_ci95': [0.6686375846609318, 1.2779435804483523], 'valid_replicates': 9999, 'undefined_replicates': 0, 'no_loss_replicates': 0, 'empty_replicates': 0, 'nonfinite_ratio_replicates': 0, 'requested_block_days': 1, 'effective_block_days': 1, 'resampled_calendar_days': 55, 'resampling': 'iid_utc_days', 'inference_status': 'AVAILABLE'}","{'profit_factor_ci95': [0.7403167728205924, 1.1810210843651265], 'valid_replicates': 9999, 'undefined_replicates': 0, 'no_loss_replicates': 0, 'empty_replicates': 0, 'nonfinite_ratio_replicates': 0, 'requested_block_days': 7, 'effective_block_days': 7, 'resampled_calendar_days': 55, 'resampling': 'circular_moving_utc_day_blocks', 'inference_status': 'AVAILABLE'}","{'profit_factor_ci95': [0.6686375846609318, 1.2779435804483523], 'valid_replicates': 9999, 'undefined_replicates': 0, 'no_loss_replicates': 0, 'empty_replicates': 0, 'nonfinite_ratio_replicates': 0, 'requested_block_days': 1, 'effective_block_days': 1, 'resampled_calendar_days': 55, 'resampling': 'iid_utc_days', 'inference_status': 'AVAILABLE'}",True,unknown; counted explicitly and omitted from finite-ratio percentile CI,
BOOM600,old_final30,RIDGE19_DRIFT,False,116,116,0,0,62,54,0,0.5344827586206896,-0.11102227664972227,0.060727321017880004,-12.878584091367783,-0.061022276649722235,0.689679200143054,0.4616498204440902,-0.7685346844240996,49,55,15.0,0,-0.12204455329944447,0.07710989393402026,-0.262157668760402,-0.03189179448316992,0.03688821755291294,False,0.0025,closed trades only; fixed fractional risk illustration,"[-0.26529952953874547, 0.03447713125288047]",-0.07833721884312253,"[-0.11201154636860867, -0.044146409884301394]",-0.032685057806599735,"[-0.18144692799270587, 0.10739953544874753]",1.0,1.0,1.0,9999,20261005,9999,9999,2591,55,True,conservative exceedance; omitted from CI,AVAILABLE,1.0,"[-0.21189362088745042, -0.016270787646107877]","[-0.14663065541849604, 0.0775383242882681]",1.0,7,9999,20261005,9999,9999,1.0,28.622288867533598,41.500872958901375,"[0.43024301301597845, 1.1228915807197224]","[0.5117142007507827, 0.9442612979126885]",9999,0,9999,0,"[0.43024301301597845, 1.1228915807197224]",9999,0,1,"{'profit_factor_ci95': [0.43024301301597845, 1.1228915807197224], 'valid_replicates': 9999, 'undefined_replicates': 0, 'no_loss_replicates': 0, 'empty_replicates': 0, 'nonfinite_ratio_replicates': 0, 'requested_block_days': 1, 'effective_block_days': 1, 'resampled_calendar_days': 55, 'resampling': 'iid_utc_days', 'inference_status': 'AVAILABLE'}","{'profit_factor_ci95': [0.5117142007507827, 0.9442612979126885], 'valid_replicates': 9999, 'undefined_replicates': 0, 'no_loss_replicates': 0, 'empty_replicates': 0, 'nonfinite_ratio_replicates': 0, 'requested_block_days': 7, 'effective_block_days': 7, 'resampled_calendar_days': 55, 'resampling': 'circular_moving_utc_day_blocks', 'inference_status': 'AVAILABLE'}","{'profit_factor_ci95': [0.43024301301597845, 1.1228915807197224], 'valid_replicates': 9999, 'undefined_replicates': 0, 'no_loss_replicates': 0, 'empty_replicates': 0, 'nonfinite_ratio_replicates': 0, 'requested_block_days': 1, 'effective_block_days': 1, 'resampled_calendar_days': 55, 'resampling': 'iid_utc_days', 'inference_status': 'AVAILABLE'}",True,unknown; counted explicitly and omitted from finite-ratio percentile CI,
BOOM600,later_temporal180,BOOST44_SPIKE,False,1475,1475,0,0,585,890,0,0.39661016949152544,-0.07110869362498849,-0.28043108338059475,-104.88532309685802,-0.021108693624988465,0.8340660162158455,0.9012057223450567,-0.7102142367064228,176,181,15.0,0,-0.04221738724997693,0.027504148574197626,-0.12501682483041585,-0.23411292886271717,0.25027496425706564,False,0.0025,closed trades only; fixed fractional risk illustration,"[-0.1250834130068612, -0.017492536553071213]",-0.059621415618356946,"[-0.08065108926921573, -0.03873101220316292]",-0.011487278006631546,"[-0.05993887837481689, 0.038210604862545905]",1.0,1.0,1.0,9999,20261005,9999,9999,8392,176,True,conservative exceedance; omitted from CI,AVAILABLE,1.0,"[-0.11914783058519468, -0.021432762932082537]","[-0.053405716519187074, 0.03138818433201093]",1.0,7,9999,20261005,9999,9999,1.0,527.2053475718582,632.0906706687163,"[0.7223231812844012, 0.9598732157664863]","[0.7349634386138221, 0.9484074649263943]",9999,0,9999,0,"[0.7223231812844012, 0.9598732157664863]",9999,0,1,"{'profit_factor_ci95': [0.7223231812844012, 0.9598732157664863], 'valid_replicates': 9999, 'undefined_replicates': 0, 'no_loss_replicates': 0, 'empty_replicates': 0, 'nonfinite_ratio_replicates': 0, 'requested_block_days': 1, 'effective_block_days': 1, 'resampled_calendar_days': 181, 'resampling': 'iid_utc_days', 'inference_status': 'AVAILABLE'}","{'profit_factor_ci95': [0.7349634386138221, 0.9484074649263943], 'valid_replicates': 9999, 'undefined_replicates': 0, 'no_loss_replicates': 0, 'empty_replicates': 0, 'nonfinite_ratio_replicates': 0, 'requested_block_days': 7, 'effective_block_days': 7, 'resampled_calendar_days': 181, 'resampling': 'circular_moving_utc_day_blocks', 'inference_status': 'AVAILABLE'}","{'profit_factor_ci95': [0.7223231812844012, 0.9598732157664863], 'valid_replicates': 9999, 'undefined_replicates': 0, 'no_loss_replicates': 0, 'empty_replicates': 0, 'nonfinite_ratio_replicates': 0, 'requested_block_days': 1, 'effective_block_days': 1, 'resampled_calendar_days': 181, 'resampling': 'iid_utc_days', 'inference_status': 'AVAILABLE'}",True,unknown; counted explicitly and omitted from finite-ratio percentile CI,1.0
BOOM600,later_temporal180,RIDGE44_SPIKE,False,909,909,0,0,325,584,0,0.35753575357535755,-0.09842879854006002,-0.3338100762547418,-89.47177787291456,-0.04842879854006,0.7717274700487339,0.9307070711738575,-0.6711499589116751,174,181,15.0,0,-0.09685759708012,0.03253001029129926,-0.16218761871100656,-0.20253561813295873,0.22473827709219152,False,0.0025,closed trades only; fixed fractional risk illustration,"[-0.1617573042203131, -0.03637360623315507]",-0.059621415618356946,"[-0.08065108926921573, -0.03873101220316292]",-0.038807382921703076,"[-0.0955374966831353, 0.01826304859175176]",1.0,1.0,1.0,9999,20261005,9999,9999,8392,176,True,conservative exceedance; omitted from CI,AVAILABLE,1.0,"[-0.1684380774025088, -0.02733481604669723]","[-0.09642624118250144, 0.019552448397739276]",1.0,7,9999,20261005,9999,9999,1.0,302.4797981315037,391.9515760044182,"[0.6427840232618148, 0.9201576788450506]","[0.6341296858721006, 0.932267680234414]",9999,0,9999,0,"[0.6427840232618148, 0.9201576788450506]",9999,0,1,"{'profit_factor_ci95': [0.6427840232618148, 0.9201576788450506], 'valid_replicates': 9999, 'undefined_replicates': 0, 'no_loss_replicates': 0, 'empty_replicates': 0, 'nonfinite_ratio_replicates': 0, 'requested_block_days': 1, 'effective_block_days': 1, 'resampled_calendar_days': 181, 'resampling': 'iid_utc_days', 'inference_status': 'AVAILABLE'}","{'profit_factor_ci95': [0.6341296858721006, 0.932267680234414], 'valid_replicates': 9999, 'undefined_replicates': 0, 'no_loss_replicates': 0, 'empty_replicates': 0, 'nonfinite_ratio_replicates': 0, 'requested_block_days': 7, 'effective_block_days': 7, 'resampled_calendar_days': 181, 'resampling': 'circular_moving_utc_day_blocks', 'inference_status': 'AVAILABLE'}","{'profit_factor_ci95': [0.6427840232618148, 0.9201576788450506], 'valid_replicates': 9999, 'undefined_replicates': 0, 'no_loss_replicates': 0, 'empty_replicates': 0, 'nonfinite_ratio_replicates': 0, 'requested_block_days': 1, 'effective_block_days': 1, 'resampled_calendar_days': 181, 'resampling': 'iid_utc_days', 'inference_status': 'AVAILABLE'}",True,unknown; counted explicitly and omitted from finite-ratio percentile CI,1.0
BOOM600,later_temporal180,RIDGE19_SPIKE,False,457,457,0,0,165,292,0,0.3610503282275711,-0.06787122217639342,-0.29127383375789884,-31.017148534611795,-0.017871222176393396,0.8353069740922411,0.9534300242273498,-0.644976378534673,157,181,15.0,0,-0.03574244435278679,0.0494655138605901,-0.16482362934315004,-0.075814642264032,0.13385862368096746,False,0.0025,closed trades only; fixed fractional risk illustration,"[-0.16642071380056056, 0.02907098692952838]",-0.059621415618356946,"[-0.08065108926921573, -0.03873101220316292]",-0.008249806558036477,"[-0.10179350939158735, 0.08398363201170288]",1.0,1.0,1.0,9999,20261005,9999,9999,8392,176,True,conservative exceedance; omitted from CI,AVAILABLE,1.0,"[-0.17955954109754937, 0.041368939076651096]","[-0.10918158443142201, 0.09152933229371504]",1.0,7,9999,20261005,9999,9999,1.0,157.31595399751274,188.33310253212454,"[0.6314303644661511, 1.0739153936575783]","[0.6107937483357034, 1.114145293509363]",9999,0,9999,0,"[0.6314303644661511, 1.0739153936575783]",9999,0,1,"{'profit_factor_ci95': [0.6314303644661511, 1.0739153936575783], 'valid_replicates': 9999, 'undefined_replicates': 0, 'no_loss_replicates': 0, 'empty_replicates': 0, 'nonfinite_ratio_replicates': 0, 'requested_block_days': 1, 'effective_block_days': 1, 'resampled_calendar_days': 181, 'resampling': 'iid_utc_days', 'inference_status': 'AVAILABLE'}","{'profit_factor_ci95': [0.6107937483357034, 1.114145293509363], 'valid_replicates': 9999, 'undefined_replicates': 0, 'no_loss_replicates': 0, 'empty_replicates': 0, 'nonfinite_ratio_replicates': 0, 'requested_block_days': 7, 'effective_block_days': 7, 'resampled_calendar_days': 181, 'resampling': 'circular_moving_utc_day_blocks', 'inference_status': 'AVAILABLE'}","{'profit_factor_ci95': [0.6314303644661511, 1.0739153936575783], 'valid_replicates': 9999, 'undefined_replicates': 0, 'no_loss_replicates': 0, 'empty_replicates': 0, 'nonfinite_ratio_replicates': 0, 'requested_block_days': 1, 'effective_block_days': 1, 'resampled_calendar_days': 181, 'resampling': 'iid_utc_days', 'inference_status': 'AVAILABLE'}",True,unknown; counted explicitly and omitted from finite-ratio percentile CI,1.0
BOOM600,later_temporal180,BOOST44_DRIFT,False,1490,1490,0,0,813,677,0,0.5456375838926174,-0.07585124126346933,0.13907904004586527,-113.0183494825693,-0.025851241263469313,0.8274222302136441,0.6665009112068097,-0.9673317434175858,176,181,15.0,0,-0.051702482526938626,0.02546428011207024,-0.125761230283127,-0.2494751087743875,0.2773277832165366,False,0.0025,closed trades only; fixed fractional risk illustration,"[-0.125687416968645, -0.027517442979516447]",-0.053838986622597076,"[-0.0728374244078732, -0.03431945985052398]",-0.022012254640872253,"[-0.06770684357352018, 0.021657297588372263]",1.0,1.0,1.0,9999,20261005,9999,9999,8392,176,True,conservative exceedance; omitted from CI,AVAILABLE,1.0,"[-0.12684688039395567, -0.027799102246318454]","[-0.06828025996216645, 0.021259944160623507]",1.0,7,9999,20261005,9999,9999,1.0,541.8652408111362,654.8835902937055,"[0.7324458790246693, 0.9368286431523366]","[0.7304164472814597, 0.9322778671583792]",9999,0,9999,0,"[0.7324458790246693, 0.9368286431523366]",9999,0,1,"{'profit_factor_ci95': [0.7324458790246693, 0.9368286431523366], 'valid_replicates': 9999, 'undefined_replicates': 0, 'no_loss_replicates': 0, 'empty_replicates': 0, 'nonfinite_ratio_replicates': 0, 'requested_block_days': 1, 'effective_block_days': 1, 'resampled_calendar_days': 181, 'resampling': 'iid_utc_days', 'inference_status': 'AVAILABLE'}","{'profit_factor_ci95': [0.7304164472814597, 0.9322778671583792], 'valid_replicates': 9999, 'undefined_replicates': 0, 'no_loss_replicates': 0, 'empty_replicates': 0, 'nonfinite_ratio_replicates': 0, 'requested_block_days': 7, 'effective_block_days': 7, 'resampled_calendar_days': 181, 'resampling': 'circular_moving_utc_day_blocks', 'inference_status': 'AVAILABLE'}","{'profit_factor_ci95': [0.7324458790246693, 0.9368286431523366], 'valid_replicates': 9999, 'undefined_replicates': 0, 'no_loss_replicates': 0, 'empty_replicates': 0, 'nonfinite_ratio_replicates': 0, 'requested_block_days': 1, 'effective_block_days': 1, 'resampled_calendar_days': 181, 'resampling': 'iid_utc_days', 'inference_status': 'AVAILABLE'}",True,unknown; counted explicitly and omitted from finite-ratio percentile CI,1.0
BOOM600,later_temporal180,RIDGE44_DRIFT,False,813,813,0,0,455,358,0,0.5596555965559655,-0.05491298435934906,0.13000144159736515,-44.644256284150785,-0.00491298435934905,0.8539948130413358,0.5739065006988269,-0.854110933246137,174,181,15.0,0,-0.0098259687186981,0.03005475689275895,-0.1138203078691566,-0.10727695156842842,0.1285649202574275,False,0.0025,closed trades only; fixed fractional risk illustration,"[-0.11508536225444005, 0.002545164125512106]",-0.053838986622597076,"[-0.0728374244078732, -0.03431945985052398]",-0.001073997736751986,"[-0.057436573358914604, 0.05337932696622065]",1.0,1.0,1.0,9999,20261005,9999,9999,8392,176,True,conservative exceedance; omitted from CI,AVAILABLE,1.0,"[-0.10579684351952084, -0.0017603997220836493]","[-0.04967146966263349, 0.04936703244520831]",1.0,7,9999,20261005,9999,9999,1.0,261.1274578179662,305.771714102117,"[0.7264697297469127, 1.0113966157415646]","[0.7386818515814769, 0.9948827702459675]",9999,0,9999,0,"[0.7264697297469127, 1.0113966157415646]",9999,0,1,"{'profit_factor_ci95': [0.7264697297469127, 1.0113966157415646], 'valid_replicates': 9999, 'undefined_replicates': 0, 'no_loss_replicates': 0, 'empty_replicates': 0, 'nonfinite_ratio_replicates': 0, 'requested_block_days': 1, 'effective_block_days': 1, 'resampled_calendar_days': 181, 'resampling': 'iid_utc_days', 'inference_status': 'AVAILABLE'}","{'profit_factor_ci95': [0.7386818515814769, 0.9948827702459675], 'valid_replicates': 9999, 'undefined_replicates': 0, 'no_loss_replicates': 0, 'empty_replicates': 0, 'nonfinite_ratio_replicates': 0, 'requested_block_days': 7, 'effective_block_days': 7, 'resampled_calendar_days': 181, 'resampling': 'circular_moving_utc_day_blocks', 'inference_status': 'AVAILABLE'}","{'profit_factor_ci95': [0.7264697297469127, 1.0113966157415646], 'valid_replicates': 9999, 'undefined_replicates': 0, 'no_loss_replicates': 0, 'empty_replicates': 0, 'nonfinite_ratio_replicates': 0, 'requested_block_days': 1, 'effective_block_days': 1, 'resampled_calendar_days': 181, 'resampling': 'iid_utc_days', 'inference_status': 'AVAILABLE'}",True,unknown; counted explicitly and omitted from finite-ratio percentile CI,1.0
BOOM600,later_temporal180,RIDGE19_DRIFT,False,377,377,0,0,203,174,0,0.5384615384615384,-0.0471547148509437,0.07570539528506913,-17.777327498805775,0.0028452851490563245,0.8596704824330724,0.5364798543770626,-0.7280617122836176,157,181,15.0,0,0.005690570298112649,0.04050209056589644,-0.12653881236010073,-0.044144917463575406,0.06454968407147199,False,0.0025,closed trades only; fixed fractional risk illustration,"[-0.126984835679194, 0.031113401938298778]",-0.053838986622597076,"[-0.0728374244078732, -0.03431945985052398]",0.006684271771653379,"[-0.07017438467242718, 0.08341226148728993]",1.0,0.4424,1.0,9999,20261005,9999,9999,8392,176,True,conservative exceedance; omitted from CI,AVAILABLE,1.0,"[-0.12407036600863341, 0.029353694854881006]","[-0.0712490591460436, 0.08521480833602849]",1.0,7,9999,20261005,9999,9999,1.0,108.9054104385437,126.68273793734946,"[0.6746888250122085, 1.114505890122072]","[0.672661633440099, 1.1008772475653197]",9999,0,9999,0,"[0.6746888250122085, 1.114505890122072]",9999,0,1,"{'profit_factor_ci95': [0.6746888250122085, 1.114505890122072], 'valid_replicates': 9999, 'undefined_replicates': 0, 'no_loss_replicates': 0, 'empty_replicates': 0, 'nonfinite_ratio_replicates': 0, 'requested_block_days': 1, 'effective_block_days': 1, 'resampled_calendar_days': 181, 'resampling': 'iid_utc_days', 'inference_status': 'AVAILABLE'}","{'profit_factor_ci95': [0.672661633440099, 1.1008772475653197], 'valid_replicates': 9999, 'undefined_replicates': 0, 'no_loss_replicates': 0, 'empty_replicates': 0, 'nonfinite_ratio_replicates': 0, 'requested_block_days': 7, 'effective_block_days': 7, 'resampled_calendar_days': 181, 'resampling': 'circular_moving_utc_day_blocks', 'inference_status': 'AVAILABLE'}","{'profit_factor_ci95': [0.6746888250122085, 1.114505890122072], 'valid_replicates': 9999, 'undefined_replicates': 0, 'no_loss_replicates': 0, 'empty_replicates': 0, 'nonfinite_ratio_replicates': 0, 'requested_block_days': 1, 'effective_block_days': 1, 'resampled_calendar_days': 181, 'resampling': 'iid_utc_days', 'inference_status': 'AVAILABLE'}",True,unknown; counted explicitly and omitted from finite-ratio percentile CI,1.0
CRASH600,old_final30,BOOST44_SPIKE,False,376,376,0,0,143,233,0,0.3803191489361702,-0.06759163242495003,-0.37903238901314523,-25.414453791781213,-0.017591632424949998,0.8545007343930673,1.043749743686059,-0.7496595156175436,55,55,15.0,0,-0.035183264849899996,0.06083542828727325,-0.1868290718680056,-0.06280681238362917,0.09686064216432588,False,0.0025,closed trades only; fixed fractional risk illustration,"[-0.18380320866144864, 0.053480666426615565]",-0.0710295561182979,"[-0.10902103635479667, -0.033988023230902865]",0.0034379236933478746,"[-0.09878455808450017, 0.10956464000462475]",1.0,0.4688,1.0,9999,20261005,9999,9999,2591,55,True,conservative exceedance; omitted from CI,AVAILABLE,1.0,"[-0.18059082140515906, 0.05019261573506698]","[-0.08057583375155672, 0.09461715910253565]",1.0,7,9999,20261005,9999,9999,1.0,149.25621334710647,174.6706671388876,"[0.6453905985162911, 1.1344203312384251]","[0.6477516797564693, 1.119193267250221]",9999,0,9999,0,"[0.6453905985162911, 1.1344203312384251]",9999,0,1,"{'profit_factor_ci95': [0.6453905985162911, 1.1344203312384251], 'valid_replicates': 9999, 'undefined_replicates': 0, 'no_loss_replicates': 0, 'empty_replicates': 0, 'nonfinite_ratio_replicates': 0, 'requested_block_days': 1, 'effective_block_days': 1, 'resampled_calendar_days': 55, 'resampling': 'iid_utc_days', 'inference_status': 'AVAILABLE'}","{'profit_factor_ci95': [0.6477516797564693, 1.119193267250221], 'valid_replicates': 9999, 'undefined_replicates': 0, 'no_loss_replicates': 0, 'empty_replicates': 0, 'nonfinite_ratio_replicates': 0, 'requested_block_days': 7, 'effective_block_days': 7, 'resampled_calendar_days': 55, 'resampling': 'circular_moving_utc_day_blocks', 'inference_status': 'AVAILABLE'}","{'profit_factor_ci95': [0.6453905985162911, 1.1344203312384251], 'valid_replicates': 9999, 'undefined_replicates': 0, 'no_loss_replicates': 0, 'empty_replicates': 0, 'nonfinite_ratio_replicates': 0, 'requested_block_days': 1, 'effective_block_days': 1, 'resampled_calendar_days': 55, 'resampling': 'iid_utc_days', 'inference_status': 'AVAILABLE'}",True,unknown; counted explicitly and omitted from finite-ratio percentile CI,
CRASH600,old_final30,RIDGE44_SPIKE,False,268,268,0,0,108,160,0,0.40298507462686567,-0.03323349751622444,-0.27180866899651074,-8.90657733434815,0.01676650248377557,0.916658929735534,0.9070595242607227,-0.6679312872156636,52,55,15.0,0,0.03353300496755114,0.06421330571510657,-0.1590915767178333,-0.02277341910591657,0.054563894413828695,False,0.0025,closed trades only; fixed fractional risk illustration,"[-0.1543860229154953, 0.09446963090507103]",-0.0710295561182979,"[-0.10902103635479667, -0.033988023230902865]",0.03779605860207347,"[-0.07620533714491444, 0.15673086301297637]",1.0,0.2587,1.0,9999,20261005,9999,9999,2591,55,True,conservative exceedance; omitted from CI,AVAILABLE,1.0,"[-0.13410177537132423, 0.06389153032449499]","[-0.04993620509786516, 0.11778862804596543]",1.0,7,9999,20261005,9999,9999,1.0,97.96242862015804,106.86900595450618,"[0.65701522091451, 1.275318569756143]","[0.6913792041124067, 1.1745903090670584]",9999,0,9999,0,"[0.65701522091451, 1.275318569756143]",9999,0,1,"{'profit_factor_ci95': [0.65701522091451, 1.275318569756143], 'valid_replicates': 9999, 'undefined_replicates': 0, 'no_loss_replicates': 0, 'empty_replicates': 0, 'nonfinite_ratio_replicates': 0, 'requested_block_days': 1, 'effective_block_days': 1, 'resampled_calendar_days': 55, 'resampling': 'iid_utc_days', 'inference_status': 'AVAILABLE'}","{'profit_factor_ci95': [0.6913792041124067, 1.1745903090670584], 'valid_replicates': 9999, 'undefined_replicates': 0, 'no_loss_replicates': 0, 'empty_replicates': 0, 'nonfinite_ratio_replicates': 0, 'requested_block_days': 7, 'effective_block_days': 7, 'resampled_calendar_days': 55, 'resampling': 'circular_moving_utc_day_blocks', 'inference_status': 'AVAILABLE'}","{'profit_factor_ci95': [0.65701522091451, 1.275318569756143], 'valid_replicates': 9999, 'undefined_replicates': 0, 'no_loss_replicates': 0, 'empty_replicates': 0, 'nonfinite_ratio_replicates': 0, 'requested_block_days': 1, 'effective_block_days': 1, 'resampled_calendar_days': 55, 'resampling': 'iid_utc_days', 'inference_status': 'AVAILABLE'}",True,unknown; counted explicitly and omitted from finite-ratio percentile CI,
CRASH600,old_final30,RIDGE19_SPIKE,False,83,83,0,0,33,50,0,0.39759036144578314,-0.049327779446535894,-0.31045863937247836,-4.094205694062479,0.0006722205534641347,0.8760655901066157,0.8770017043869448,-0.6607052387766332,47,55,15.0,0,0.0013444411069282694,0.10544602151753868,-0.2560019816209117,-0.010417538239120394,0.03147777011335928,False,0.0025,closed trades only; fixed fractional risk illustration,"[-0.2539057219204546, 0.15409459520389576]",-0.0710295561182979,"[-0.10902103635479667, -0.033988023230902865]",0.021701776671762013,"[-0.18044876051438533, 0.2220908690589725]",1.0,0.4041,1.0,9999,20261005,9999,9999,2591,55,True,conservative exceedance; omitted from CI,AVAILABLE,1.0,"[-0.2758694351226844, 0.18210768529859597]","[-0.2098686824533338, 0.2497679967521728]",1.0,7,9999,20261005,9999,9999,1.0,28.94105624476918,33.03526193883166,"[0.47191086930080334, 1.4936790775916968]","[0.4704178057281849, 1.673228820210342]",9999,0,9999,0,"[0.47191086930080334, 1.4936790775916968]",9999,0,1,"{'profit_factor_ci95': [0.47191086930080334, 1.4936790775916968], 'valid_replicates': 9999, 'undefined_replicates': 0, 'no_loss_replicates': 0, 'empty_replicates': 0, 'nonfinite_ratio_replicates': 0, 'requested_block_days': 1, 'effective_block_days': 1, 'resampled_calendar_days': 55, 'resampling': 'iid_utc_days', 'inference_status': 'AVAILABLE'}","{'profit_factor_ci95': [0.4704178057281849, 1.673228820210342], 'valid_replicates': 9999, 'undefined_replicates': 0, 'no_loss_replicates': 0, 'empty_replicates': 0, 'nonfinite_ratio_replicates': 0, 'requested_block_days': 7, 'effective_block_days': 7, 'resampled_calendar_days': 55, 'resampling': 'circular_moving_utc_day_blocks', 'inference_status': 'AVAILABLE'}","{'profit_factor_ci95': [0.47191086930080334, 1.4936790775916968], 'valid_replicates': 9999, 'undefined_replicates': 0, 'no_loss_replicates': 0, 'empty_replicates': 0, 'nonfinite_ratio_replicates': 0, 'requested_block_days': 1, 'effective_block_days': 1, 'resampled_calendar_days': 55, 'resampling': 'iid_utc_days', 'inference_status': 'AVAILABLE'}",True,unknown; counted explicitly and omitted from finite-ratio percentile CI,
CRASH600,old_final30,BOOST44_DRIFT,False,599,599,0,0,330,269,0,0.5509181969949917,-0.08300946265251745,0.09931097562971401,-49.722668128857954,-0.03300946265251744,0.8055596903147187,0.624240450345953,-0.95063946744618,55,55,15.0,0,-0.06601892530503488,0.03328901041299307,-0.14825592306198387,-0.1183488631302324,0.13257939916081718,False,0.0025,closed trades only; fixed fractional risk illustration,"[-0.14835899168390698, -0.019218044939613148]",-0.046011319852920674,"[-0.0834865181506378, -0.007556230260273623]",-0.036998142799596775,"[-0.09904502455122717, 0.024816702785423177]",1.0,1.0,1.0,9999,20261005,9999,9999,2591,55,True,conservative exceedance; omitted from CI,AVAILABLE,1.0,"[-0.13760545805971072, -0.03688905797819306]","[-0.09889148481437089, 0.01970998932076518]",1.0,7,9999,20261005,9999,9999,1.0,205.9993486141645,255.72201674302244,"[0.6801902842833432, 0.9511113544690721]","[0.7034241078107344, 0.905929386366369]",9999,0,9999,0,"[0.6801902842833432, 0.9511113544690721]",9999,0,1,"{'profit_factor_ci95': [0.6801902842833432, 0.9511113544690721], 'valid_replicates': 9999, 'undefined_replicates': 0, 'no_loss_replicates': 0, 'empty_replicates': 0, 'nonfinite_ratio_replicates': 0, 'requested_block_days': 1, 'effective_block_days': 1, 'resampled_calendar_days': 55, 'resampling': 'iid_utc_days', 'inference_status': 'AVAILABLE'}","{'profit_factor_ci95': [0.7034241078107344, 0.905929386366369], 'valid_replicates': 9999, 'undefined_replicates': 0, 'no_loss_replicates': 0, 'empty_replicates': 0, 'nonfinite_ratio_replicates': 0, 'requested_block_days': 7, 'effective_block_days': 7, 'resampled_calendar_days': 55, 'resampling': 'circular_moving_utc_day_blocks', 'inference_status': 'AVAILABLE'}","{'profit_factor_ci95': [0.6801902842833432, 0.9511113544690721], 'valid_replicates': 9999, 'undefined_replicates': 0, 'no_loss_replicates': 0, 'empty_replicates': 0, 'nonfinite_ratio_replicates': 0, 'requested_block_days': 1, 'effective_block_days': 1, 'resampled_calendar_days': 55, 'resampling': 'iid_utc_days', 'inference_status': 'AVAILABLE'}",True,unknown; counted explicitly and omitted from finite-ratio percentile CI,
CRASH600,old_final30,RIDGE44_DRIFT,False,550,550,0,0,293,257,0,0.5327272727272727,-0.11996196753678315,0.09192385567857064,-65.97908214523073,-0.06996196753678316,0.7353526036036088,0.6257007246783488,-0.9700754648871087,54,55,15.0,0,-0.13992393507356632,0.03940471840190265,-0.19719521560451234,-0.15337873564415994,0.1842508712715918,False,0.0025,closed trades only; fixed fractional risk illustration,"[-0.19662342431045698, -0.040775869264130536]",-0.046011319852920674,"[-0.0834865181506378, -0.007556230260273623]",-0.07395064768386247,"[-0.1425066956437182, -0.0028978719656202094]",1.0,1.0,1.0,9999,20261005,9999,9999,2591,55,True,conservative exceedance; omitted from CI,AVAILABLE,1.0,"[-0.2147314804695973, -0.01295796565226191]","[-0.16209344207002693, 0.02438053341453644]",1.0,7,9999,20261005,9999,9999,1.0,183.33031233075616,249.30939447598695,"[0.6083063559522732, 0.8977227943204478]","[0.5848376721865493, 0.9659893658649783]",9999,0,9999,0,"[0.6083063559522732, 0.8977227943204478]",9999,0,1,"{'profit_factor_ci95': [0.6083063559522732, 0.8977227943204478], 'valid_replicates': 9999, 'undefined_replicates': 0, 'no_loss_replicates': 0, 'empty_replicates': 0, 'nonfinite_ratio_replicates': 0, 'requested_block_days': 1, 'effective_block_days': 1, 'resampled_calendar_days': 55, 'resampling': 'iid_utc_days', 'inference_status': 'AVAILABLE'}","{'profit_factor_ci95': [0.5848376721865493, 0.9659893658649783], 'valid_replicates': 9999, 'undefined_replicates': 0, 'no_loss_replicates': 0, 'empty_replicates': 0, 'nonfinite_ratio_replicates': 0, 'requested_block_days': 7, 'effective_block_days': 7, 'resampled_calendar_days': 55, 'resampling': 'circular_moving_utc_day_blocks', 'inference_status': 'AVAILABLE'}","{'profit_factor_ci95': [0.6083063559522732, 0.8977227943204478], 'valid_replicates': 9999, 'undefined_replicates': 0, 'no_loss_replicates': 0, 'empty_replicates': 0, 'nonfinite_ratio_replicates': 0, 'requested_block_days': 1, 'effective_block_days': 1, 'resampled_calendar_days': 55, 'resampling': 'iid_utc_days', 'inference_status': 'AVAILABLE'}",True,unknown; counted explicitly and omitted from finite-ratio percentile CI,
CRASH600,old_final30,RIDGE19_DRIFT,False,229,229,0,0,121,108,0,0.5283842794759825,-0.08545574642587836,0.02767664492442734,-19.569365931526143,-0.03545574642587834,0.7709239978674622,0.5442812252001794,-0.7909943905624801,53,55,15.0,0,-0.07091149285175669,0.05503119927523426,-0.1933168970053375,-0.04819683691369847,0.05861203943833948,False,0.0025,closed trades only; fixed fractional risk illustration,"[-0.19189860614252038, 0.022325515592937644]",-0.046011319852920674,"[-0.0834865181506378, -0.007556230260273623]",-0.039444426572957686,"[-0.1360772673721943, 0.059340506395283016]",1.0,1.0,1.0,9999,20261005,9999,9999,2591,55,True,conservative exceedance; omitted from CI,AVAILABLE,1.0,"[-0.16969202934775823, -0.005106911281640743]","[-0.12083909331566313, 0.0360389260577061]",1.0,7,9999,20261005,9999,9999,1.0,65.85802824922172,85.42739418074785,"[0.5610914233303631, 1.067362765180064]","[0.5971076050072628, 0.9843322598433643]",9999,0,9999,0,"[0.5610914233303631, 1.067362765180064]",9999,0,1,"{'profit_factor_ci95': [0.5610914233303631, 1.067362765180064], 'valid_replicates': 9999, 'undefined_replicates': 0, 'no_loss_replicates': 0, 'empty_replicates': 0, 'nonfinite_ratio_replicates': 0, 'requested_block_days': 1, 'effective_block_days': 1, 'resampled_calendar_days': 55, 'resampling': 'iid_utc_days', 'inference_status': 'AVAILABLE'}","{'profit_factor_ci95': [0.5971076050072628, 0.9843322598433643], 'valid_replicates': 9999, 'undefined_replicates': 0, 'no_loss_replicates': 0, 'empty_replicates': 0, 'nonfinite_ratio_replicates': 0, 'requested_block_days': 7, 'effective_block_days': 7, 'resampled_calendar_days': 55, 'resampling': 'circular_moving_utc_day_blocks', 'inference_status': 'AVAILABLE'}","{'profit_factor_ci95': [0.5610914233303631, 1.067362765180064], 'valid_replicates': 9999, 'undefined_replicates': 0, 'no_loss_replicates': 0, 'empty_replicates': 0, 'nonfinite_ratio_replicates': 0, 'requested_block_days': 1, 'effective_block_days': 1, 'resampled_calendar_days': 55, 'resampling': 'iid_utc_days', 'inference_status': 'AVAILABLE'}",True,unknown; counted explicitly and omitted from finite-ratio percentile CI,
CRASH600,later_temporal180,BOOST44_SPIKE,False,1306,1306,0,0,535,771,0,0.4096477794793262,-0.027035723159915207,-0.25334191642918835,-35.30865444684926,0.0229642768400848,0.9384039094571393,1.0054582578721847,-0.743487448000607,174,181,15.0,0,0.0459285536801696,0.030740103821017044,-0.08728632664910861,-0.08895942955737979,0.14521773780898717,False,0.0025,closed trades only; fixed fractional risk illustration,"[-0.08651333700419064, 0.03342176947057847]",-0.03840698316505154,"[-0.059475987085701995, -0.017149728080907062]",0.011371260005136333,"[-0.040630443371116536, 0.06407970338788502]",1.0,0.3277,1.0,9999,20261005,9999,9999,8392,176,True,conservative exceedance; omitted from CI,AVAILABLE,1.0,"[-0.07650966631609996, 0.026989800304860364]","[-0.03460214099029684, 0.0603656422602734]",1.0,7,9999,20261005,9999,9999,1.0,537.9201679616187,573.2288224084682,"[0.8142458977122443, 1.081552212476137]","[0.831197391921301, 1.0633345449510792]",9999,0,9999,0,"[0.8142458977122443, 1.081552212476137]",9999,0,1,"{'profit_factor_ci95': [0.8142458977122443, 1.081552212476137], 'valid_replicates': 9999, 'undefined_replicates': 0, 'no_loss_replicates': 0, 'empty_replicates': 0, 'nonfinite_ratio_replicates': 0, 'requested_block_days': 1, 'effective_block_days': 1, 'resampled_calendar_days': 181, 'resampling': 'iid_utc_days', 'inference_status': 'AVAILABLE'}","{'profit_factor_ci95': [0.831197391921301, 1.0633345449510792], 'valid_replicates': 9999, 'undefined_replicates': 0, 'no_loss_replicates': 0, 'empty_replicates': 0, 'nonfinite_ratio_replicates': 0, 'requested_block_days': 7, 'effective_block_days': 7, 'resampled_calendar_days': 181, 'resampling': 'circular_moving_utc_day_blocks', 'inference_status': 'AVAILABLE'}","{'profit_factor_ci95': [0.8142458977122443, 1.081552212476137], 'valid_replicates': 9999, 'undefined_replicates': 0, 'no_loss_replicates': 0, 'empty_replicates': 0, 'nonfinite_ratio_replicates': 0, 'requested_block_days': 1, 'effective_block_days': 1, 'resampled_calendar_days': 181, 'resampling': 'iid_utc_days', 'inference_status': 'AVAILABLE'}",True,unknown; counted explicitly and omitted from finite-ratio percentile CI,1.0
CRASH600,later_temporal180,RIDGE44_SPIKE,False,851,851,0,0,329,522,0,0.38660399529964745,-0.06919456120118773,-0.25639249569601597,-58.88457158221077,-0.019194561201187718,0.8326914655724571,0.8907824258290046,-0.6742375281225159,172,181,15.0,0,-0.038389122402375436,0.03428330972547877,-0.1363898482631261,-0.13895713902423767,0.15447375023372378,False,0.0025,closed trades only; fixed fractional risk illustration,"[-0.1343102294609832, -0.0011955411450766703]",-0.03840698316505154,"[-0.059475987085701995, -0.017149728080907062]",-0.030787578036136194,"[-0.09175597704810076, 0.03141337381033934]",1.0,1.0,1.0,9999,20261005,9999,9999,8392,176,True,conservative exceedance; omitted from CI,AVAILABLE,1.0,"[-0.13580983656306747, -0.0019841994345263275]","[-0.09449908412421104, 0.031849921994329206]",1.0,7,9999,20261005,9999,9999,1.0,293.0674180977426,351.9519896799533,"[0.6908992464236959, 1.00418734785766]","[0.6890503434265063, 0.9949749794230731]",9999,0,9999,0,"[0.6908992464236959, 1.00418734785766]",9999,0,1,"{'profit_factor_ci95': [0.6908992464236959, 1.00418734785766], 'valid_replicates': 9999, 'undefined_replicates': 0, 'no_loss_replicates': 0, 'empty_replicates': 0, 'nonfinite_ratio_replicates': 0, 'requested_block_days': 1, 'effective_block_days': 1, 'resampled_calendar_days': 181, 'resampling': 'iid_utc_days', 'inference_status': 'AVAILABLE'}","{'profit_factor_ci95': [0.6890503434265063, 0.9949749794230731], 'valid_replicates': 9999, 'undefined_replicates': 0, 'no_loss_replicates': 0, 'empty_replicates': 0, 'nonfinite_ratio_replicates': 0, 'requested_block_days': 7, 'effective_block_days': 7, 'resampled_calendar_days': 181, 'resampling': 'circular_moving_utc_day_blocks', 'inference_status': 'AVAILABLE'}","{'profit_factor_ci95': [0.6908992464236959, 1.00418734785766], 'valid_replicates': 9999, 'undefined_replicates': 0, 'no_loss_replicates': 0, 'empty_replicates': 0, 'nonfinite_ratio_replicates': 0, 'requested_block_days': 1, 'effective_block_days': 1, 'resampled_calendar_days': 181, 'resampling': 'iid_utc_days', 'inference_status': 'AVAILABLE'}",True,unknown; counted explicitly and omitted from finite-ratio percentile CI,1.0
CRASH600,later_temporal180,RIDGE19_SPIKE,False,340,340,0,0,140,200,0,0.4117647058823529,-0.02892049408902895,-0.20424592323461824,-9.832967990269843,0.02107950591097108,0.9177282727093599,0.7834658763877002,-0.5975909534227393,161,181,15.0,0,0.04215901182194216,0.04756657000958102,-0.12215097130780775,-0.025066836370580825,0.07916889021604012,False,0.0025,closed trades only; fixed fractional risk illustration,"[-0.1202449978369921, 0.06739744308579378]",-0.03840698316505154,"[-0.059475987085701995, -0.017149728080907062]",0.009486489076022592,"[-0.07876296025972528, 0.10245709882081692]",1.0,0.4072,1.0,9999,20261005,9999,9999,8392,176,True,conservative exceedance; omitted from CI,AVAILABLE,1.0,"[-0.12306285997284444, 0.07485185103002641]","[-0.08688607692455601, 0.11413161030844528]",1.0,7,9999,20261005,9999,9999,1.0,109.68522269427802,119.51819068454787,"[0.6874330678878479, 1.1995275060805728]","[0.6755526642516497, 1.2332129188525809]",9999,0,9999,0,"[0.6874330678878479, 1.1995275060805728]",9999,0,1,"{'profit_factor_ci95': [0.6874330678878479, 1.1995275060805728], 'valid_replicates': 9999, 'undefined_replicates': 0, 'no_loss_replicates': 0, 'empty_replicates': 0, 'nonfinite_ratio_replicates': 0, 'requested_block_days': 1, 'effective_block_days': 1, 'resampled_calendar_days': 181, 'resampling': 'iid_utc_days', 'inference_status': 'AVAILABLE'}","{'profit_factor_ci95': [0.6755526642516497, 1.2332129188525809], 'valid_replicates': 9999, 'undefined_replicates': 0, 'no_loss_replicates': 0, 'empty_replicates': 0, 'nonfinite_ratio_replicates': 0, 'requested_block_days': 7, 'effective_block_days': 7, 'resampled_calendar_days': 181, 'resampling': 'circular_moving_utc_day_blocks', 'inference_status': 'AVAILABLE'}","{'profit_factor_ci95': [0.6874330678878479, 1.1995275060805728], 'valid_replicates': 9999, 'undefined_replicates': 0, 'no_loss_replicates': 0, 'empty_replicates': 0, 'nonfinite_ratio_replicates': 0, 'requested_block_days': 1, 'effective_block_days': 1, 'resampled_calendar_days': 181, 'resampling': 'iid_utc_days', 'inference_status': 'AVAILABLE'}",True,unknown; counted explicitly and omitted from finite-ratio percentile CI,1.0
CRASH600,later_temporal180,BOOST44_DRIFT,False,2084,2084,0,0,1161,923,0,0.5571017274472169,-0.06196056330679524,0.13084763065582372,-129.12581393136128,-0.011960563306795227,0.8508898533105981,0.6346685815976354,-0.9382188918377207,176,181,15.0,0,-0.023921126613590454,0.019211560134093763,-0.09961522116961902,-0.2800427037935793,0.30208491819928485,False,0.0025,closed trades only; fixed fractional risk illustration,"[-0.09908410932821558, -0.024347775372247336]",-0.07492974256356354,"[-0.09492140970455085, -0.05444168472424295]",0.012969179256768298,"[-0.019221978851775477, 0.044598441827627115]",1.0,0.2097,1.0,9999,20261005,9999,9999,8392,176,True,conservative exceedance; omitted from CI,AVAILABLE,1.0,"[-0.10049023661847539, -0.023286833894938564]","[-0.020806171088425387, 0.046118140604453135]",1.0,7,9999,20261005,9999,9999,1.0,736.8502232348546,865.9760371662161,"[0.7732256031615468, 0.9379080924997905]","[0.7719460961930343, 0.9405036803037008]",9999,0,9999,0,"[0.7732256031615468, 0.9379080924997905]",9999,0,1,"{'profit_factor_ci95': [0.7732256031615468, 0.9379080924997905], 'valid_replicates': 9999, 'undefined_replicates': 0, 'no_loss_replicates': 0, 'empty_replicates': 0, 'nonfinite_ratio_replicates': 0, 'requested_block_days': 1, 'effective_block_days': 1, 'resampled_calendar_days': 181, 'resampling': 'iid_utc_days', 'inference_status': 'AVAILABLE'}","{'profit_factor_ci95': [0.7719460961930343, 0.9405036803037008], 'valid_replicates': 9999, 'undefined_replicates': 0, 'no_loss_replicates': 0, 'empty_replicates': 0, 'nonfinite_ratio_replicates': 0, 'requested_block_days': 7, 'effective_block_days': 7, 'resampled_calendar_days': 181, 'resampling': 'circular_moving_utc_day_blocks', 'inference_status': 'AVAILABLE'}","{'profit_factor_ci95': [0.7732256031615468, 0.9379080924997905], 'valid_replicates': 9999, 'undefined_replicates': 0, 'no_loss_replicates': 0, 'empty_replicates': 0, 'nonfinite_ratio_replicates': 0, 'requested_block_days': 1, 'effective_block_days': 1, 'resampled_calendar_days': 181, 'resampling': 'iid_utc_days', 'inference_status': 'AVAILABLE'}",True,unknown; counted explicitly and omitted from finite-ratio percentile CI,1.0
CRASH600,later_temporal180,RIDGE44_DRIFT,False,1848,1848,0,0,1008,840,0,0.5454545454545454,-0.07217933088098823,0.12607582322747082,-133.38740346806625,-0.022179330880988207,0.8237443021383407,0.6184485059053547,-0.9009327350245998,176,181,15.0,0,-0.04435866176197641,0.023019925640093492,-0.11729838513557148,-0.2870585717312395,0.3147783022146783,False,0.0025,closed trades only; fixed fractional risk illustration,"[-0.11705657571116276, -0.026986911994472836]",-0.07492974256356354,"[-0.09492140970455085, -0.05444168472424295]",0.00275041168257531,"[-0.035892927117329096, 0.04085704875388833]",1.0,0.453,1.0,9999,20261005,9999,9999,8392,176,True,conservative exceedance; omitted from CI,AVAILABLE,1.0,"[-0.11461082306741702, -0.03186112070416842]","[-0.03298343473835635, 0.03828806778669007]",1.0,7,9999,20261005,9999,9999,1.0,623.3960939525975,756.7834974206639,"[0.731757610645053, 0.9268100287866147]","[0.7390314661005406, 0.9167050698626225]",9999,0,9999,0,"[0.731757610645053, 0.9268100287866147]",9999,0,1,"{'profit_factor_ci95': [0.731757610645053, 0.9268100287866147], 'valid_replicates': 9999, 'undefined_replicates': 0, 'no_loss_replicates': 0, 'empty_replicates': 0, 'nonfinite_ratio_replicates': 0, 'requested_block_days': 1, 'effective_block_days': 1, 'resampled_calendar_days': 181, 'resampling': 'iid_utc_days', 'inference_status': 'AVAILABLE'}","{'profit_factor_ci95': [0.7390314661005406, 0.9167050698626225], 'valid_replicates': 9999, 'undefined_replicates': 0, 'no_loss_replicates': 0, 'empty_replicates': 0, 'nonfinite_ratio_replicates': 0, 'requested_block_days': 7, 'effective_block_days': 7, 'resampled_calendar_days': 181, 'resampling': 'circular_moving_utc_day_blocks', 'inference_status': 'AVAILABLE'}","{'profit_factor_ci95': [0.731757610645053, 0.9268100287866147], 'valid_replicates': 9999, 'undefined_replicates': 0, 'no_loss_replicates': 0, 'empty_replicates': 0, 'nonfinite_ratio_replicates': 0, 'requested_block_days': 1, 'effective_block_days': 1, 'resampled_calendar_days': 181, 'resampling': 'iid_utc_days', 'inference_status': 'AVAILABLE'}",True,unknown; counted explicitly and omitted from finite-ratio percentile CI,1.0
CRASH600,later_temporal180,RIDGE19_DRIFT,False,671,671,0,0,365,306,0,0.5439642324888226,-0.06533471149709903,0.10455278001606373,-43.839591414553446,-0.015334711497098995,0.8229087758289891,0.5581209016522348,-0.8089990866588861,172,181,15.0,0,-0.03066942299419799,0.03438340545225176,-0.13272618618351248,-0.1050695576025269,0.11836998972304802,False,0.0025,closed trades only; fixed fractional risk illustration,"[-0.1339892777952227, 0.0014519682108420926]",-0.07492974256356354,"[-0.09492140970455085, -0.05444168472424295]",0.009595031066464504,"[-0.05444638618231754, 0.07253147827542973]",1.0,0.3852,1.0,9999,20261005,9999,9999,8392,176,True,conservative exceedance; omitted from CI,AVAILABLE,1.0,"[-0.11871435352767737, -0.01162287060247216]","[-0.044200550064484555, 0.06325936899800239]",1.0,7,9999,20261005,9999,9999,1.0,203.71412910306572,247.55372051761918,"[0.6774660913144778, 1.0062957228274816]","[0.7055984247135288, 0.9648683955222512]",9999,0,9999,0,"[0.6774660913144778, 1.0062957228274816]",9999,0,1,"{'profit_factor_ci95': [0.6774660913144778, 1.0062957228274816], 'valid_replicates': 9999, 'undefined_replicates': 0, 'no_loss_replicates': 0, 'empty_replicates': 0, 'nonfinite_ratio_replicates': 0, 'requested_block_days': 1, 'effective_block_days': 1, 'resampled_calendar_days': 181, 'resampling': 'iid_utc_days', 'inference_status': 'AVAILABLE'}","{'profit_factor_ci95': [0.7055984247135288, 0.9648683955222512], 'valid_replicates': 9999, 'undefined_replicates': 0, 'no_loss_replicates': 0, 'empty_replicates': 0, 'nonfinite_ratio_replicates': 0, 'requested_block_days': 7, 'effective_block_days': 7, 'resampled_calendar_days': 181, 'resampling': 'circular_moving_utc_day_blocks', 'inference_status': 'AVAILABLE'}","{'profit_factor_ci95': [0.6774660913144778, 1.0062957228274816], 'valid_replicates': 9999, 'undefined_replicates': 0, 'no_loss_replicates': 0, 'empty_replicates': 0, 'nonfinite_ratio_replicates': 0, 'requested_block_days': 1, 'effective_block_days': 1, 'resampled_calendar_days': 181, 'resampling': 'iid_utc_days', 'inference_status': 'AVAILABLE'}",True,unknown; counted explicitly and omitted from finite-ratio percentile CI,1.0
