symbol,mode,family,status,completed,censored,missing_entry,profit_factor,mean_net_R,active_days,observed_day_clusters,historical_gate,live_candidate
BOOM600,SPIKE,CLOCK,TESTED,260,0,0,1.0416833844382145,0.01471123837962645,4,4,False,False
BOOM600,SPIKE,RIDGE44,TESTED,103,0,0,0.9078795921512774,-0.040503439411047594,4,4,False,False
BOOM600,SPIKE,RIDGE46,TESTED,102,0,0,0.7509038498629412,-0.11383495779091658,4,4,False,False
BOOM600,DRIFT,CLOCK,TESTED,291,0,0,0.7160330430735921,-0.12643776754848404,4,4,False,False
BOOM600,DRIFT,RIDGE44,TESTED,133,0,0,0.7075003986649976,-0.10771869390557746,4,4,False,False
BOOM600,DRIFT,RIDGE46,TESTED,136,0,0,0.6364345624292276,-0.14513360905462433,4,4,False,False
CRASH600,SPIKE,CLOCK,TESTED,261,0,0,0.6803692283244512,-0.14200977827423863,4,4,False,False
CRASH600,SPIKE,RIDGE44,TESTED,107,0,0,0.723899183707655,-0.14992163684905638,4,4,False,False
CRASH600,SPIKE,RIDGE46,TESTED,110,0,0,0.693558145481447,-0.16898942338265002,4,4,False,False
CRASH600,DRIFT,CLOCK,TESTED,283,0,0,0.9955913087209102,-0.0015981143677667616,4,4,False,False
CRASH600,DRIFT,RIDGE44,TESTED,73,0,0,0.8982630591552713,-0.033765897986645685,4,4,False,False
CRASH600,DRIFT,RIDGE46,TESTED,71,0,0,0.8976280783596736,-0.034958072621712286,4,4,False,False
