symbol,segment,band,exposure_seconds,events,hazard,event_return_sum,event_mean_d,non_event_seconds,non_event_return_sum,non_event_mean_d,return_sum,unconditional_mean_d,decomposition_identity_available,decomposition_reconstructed_mean_d,decomposition_identity_abs_error
BOOM600,calibration40,lt_N,254561,443,0.0017402508632508515,0.44665006125840967,0.0010082394159332047,254118,-0.42369234422124796,-1.6673055203537252e-06,0.02295771703716173,9.0185523458667e-08,True,9.018552345866697e-08,3.970466940254533e-23
BOOM600,calibration40,ge_N,155196,243,0.0015657620041753654,0.23290497157429418,0.0009584566731452435,154953,-0.25857581146883957,-1.6687370458709388e-06,-0.025670839894545373,-1.6540915935040447e-07,True,-1.6540915935040463e-07,1.5881867761018131e-22
BOOM600,wf1,lt_N,57262,79,0.0013796234850337048,0.08370894566448144,0.0010596069071453346,57183,-0.09548632813035562,-1.669837681310103e-06,-0.01177738246587418,-2.0567536002714156e-07,True,-2.0567536002714166e-07,1.0587911840678754e-22
BOOM600,wf1,ge_N,40997,64,0.0015610898358416469,0.07757490069283848,0.0012121078233256013,40933,-0.06823536839593214,-1.6670014021921711e-06,0.009339532296906343,2.278101396908638e-07,True,2.2781013969086358e-07,2.117582368135751e-22
BOOM600,wf2,lt_N,68826,105,0.0015255862610060152,0.11685122463104915,0.001112868806009992,68721,-0.11514556545176607,-1.675551366420251e-06,0.0017056591792830769,2.4782192474981502e-08,True,2.4782192474981505e-08,3.308722450212111e-24
BOOM600,wf2,ge_N,33490,69,0.0020603165123917588,0.06532363526097028,0.0009467193516082649,33421,-0.05561791723552922,-1.6641607742296525e-06,0.009705718025441058,2.8980943641209486e-07,True,2.8980943641209497e-07,1.0587911840678754e-22
BOOM600,wf3,lt_N,61984,97,0.0015649199793495096,0.10593367270535517,0.001092099718611909,61887,-0.10355216346438041,-1.6732458103378805e-06,0.0023815092409747527,3.8421354558833776e-08,True,3.842135455883389e-08,1.1249656330721176e-22
BOOM600,wf3,ge_N,41169,62,0.0015059875148776992,0.060418299293365486,0.0009744886982800885,41107,-0.0685639456534133,-1.6679384448734594e-06,-0.008145646360047819,-1.9785873740066117e-07,True,-1.9785873740066095e-07,2.117582368135751e-22
BOOM600,dev_validation,lt_N,188072,281,0.0014941086392445447,0.3064938430008858,0.001090725419931978,187791,-0.3141840570465021,-1.6730517279662076e-06,-0.007690214045616352,-4.0889733961548515e-08,True,-4.0889733961547807e-08,7.080666043453917e-22
BOOM600,dev_validation,ge_N,115656,195,0.0016860344469807015,0.20331683524717425,0.0010426504371649963,115461,-0.19241723128487467,-1.666512773013179e-06,0.010899603962299581,9.42415781481253e-08,True,9.424157814812545e-08,1.4558378780933287e-22
BOOM600,final30,lt_N,193893,316,0.0016297648703150708,0.3321016996924376,0.0010509547458621442,193577,-0.32409441613422674,-1.6742403081679473e-06,0.00800728355821085,4.129743496779589e-08,True,4.1297434967796064e-08,1.7205356741102976e-22
BOOM600,final30,ge_N,115707,197,0.0017025763350531947,0.2087494131241664,0.0010596416909856162,115510,-0.1934033708360636,-1.6743430944166185e-06,0.0153460422881028,1.3262846922055536e-07,True,1.3262846922055557e-07,2.117582368135751e-22
CRASH600,calibration40,lt_N,259433,420,0.0016189150956123547,0.4237099335690492,0.0010088331751644027,259013,-0.4319137874075217,-1.6675371020277812e-06,-0.008203853838472483,-3.162224481262015e-08,True,-3.162224481262017e-08,1.9852334701272664e-23
CRASH600,calibration40,ge_N,154244,259,0.0016791576981924742,0.2768106902900802,0.0010687671439771436,153985,-0.2572119373195296,-1.6703700835765147e-06,0.019598752970550623,1.270633085925587e-07,True,1.2706330859255832e-07,3.705769144237564e-22
CRASH600,wf1,lt_N,68391,97,0.001418315275401734,0.09564690009551112,0.0009860505164485682,68294,-0.11378958625253313,-1.6661725225134437e-06,-0.018142686157022015,-2.6527885477653517e-07,True,-2.652788547765352e-07,5.293955920339377e-23
CRASH600,wf1,ge_N,34156,71,0.002078697739782176,0.08134323221768829,0.0011456793270096942,34085,-0.05713122696455322,-1.6761398552017963e-06,0.024212005253135063,7.088653604969862e-07,True,7.088653604969864e-07,2.117582368135751e-22
CRASH600,wf2,lt_N,68444,130,0.001899362982876512,0.11973351002078568,0.0009210270001598898,68314,-0.11432242548387972,-1.6734845783277178e-06,0.00541108453690597,7.905856666626687e-08,True,7.905856666626665e-08,2.2499312661442353e-22
CRASH600,wf2,ge_N,34476,65,0.001885369532428356,0.06175459477841735,0.0009500706888987284,34411,-0.05725630018759127,-1.6638952715001386e-06,0.00449829459082608,1.3047611645278107e-07,True,1.3047611645278107e-07,0.0
CRASH600,wf3,lt_N,69438,124,0.0017857657190587287,0.12049717857926294,0.0009717514401553463,69314,-0.11629941389520017,-1.6778632584355278e-06,0.004197764684062777,6.045342152802178e-08,True,6.045342152802172e-08,6.617444900424221e-23
CRASH600,wf3,ge_N,33238,66,0.0019856790420602925,0.06910954397491177,0.0010471143026501784,33172,-0.055244799534628075,-1.665404544031957e-06,0.013864744440283705,4.171353402817169e-07,True,4.1713534028171667e-07,2.117582368135751e-22
CRASH600,dev_validation,lt_N,206273,351,0.0017016284244666048,0.3358775886955597,0.0009569162071098568,205922,-0.34441142563161303,-1.6725334137761533e-06,-0.008533836936053267,-4.137156552749641e-08,True,-4.1371565527496774e-08,3.639594695233322e-22
CRASH600,dev_validation,ge_N,101870,202,0.0019829194070874645,0.2122073709710174,0.0010505315394604823,101668,-0.16963232668677256,-1.6684928068494764e-06,0.04257504428424485,4.1793505727147195e-07,True,4.17935057271472e-07,5.293955920339377e-23
CRASH600,final30,lt_N,189009,269,0.0014232126512494115,0.26430239933928623,0.0009825368005177927,188740,-0.3150459843575274,-1.6692062326879697e-06,-0.05074358501824112,-2.6847179244502175e-07,True,-2.684717924450218e-07,5.293955920339377e-23
CRASH600,final30,ge_N,116330,203,0.0017450356743746239,0.21479966961346897,0.0010581264512978766,116127,-0.1930660388707777,-1.6625422069869858e-06,0.021733630742691263,1.8682739398857788e-07,True,1.8682739398857766e-07,2.117582368135751e-22
