signal_time,activation_time,wait_end,maximum_end,touch_time,entry_time,exit_time,trigger_time,missing_time,variant,zone_id,side,zone_low,zone_high,invalidation,issue_price,atr,entry,exit,status,reason,censored,ambiguous,gross_R,net_R,holding_minutes
2025-10-09 13:00:00+00:00,2025-10-09 13:01:00+00:00,2025-10-09 13:15:00+00:00,2025-10-09 13:30:01+00:00,,,2025-10-09 13:15:00+00:00,,,FIB_RETRACE,boom:FIB_RETRACE:2025-10-09T13:00:00+00:00,1,6641.210186,6647.610818,6639.494971714286,6669.423,6.860857142857185,,,expired,no_observed_touch,False,False,,,
2025-10-09 18:00:00+00:00,2025-10-09 18:01:00+00:00,2025-10-09 18:15:00+00:00,2025-10-09 18:30:01+00:00,,,2025-10-09 18:15:00+00:00,,,FIB_RETRACE,boom:FIB_RETRACE:2025-10-09T18:00:00+00:00,1,6671.78699,6677.63087,6670.160739999999,6691.098,6.5049999999999795,,,expired,no_observed_touch,False,False,,,
2025-10-10 20:30:00+00:00,2025-10-10 20:31:00+00:00,2025-10-10 20:45:00+00:00,2025-10-10 21:00:01+00:00,2025-10-10 20:42:25+00:00,2025-10-10 20:42:26+00:00,2025-10-10 20:57:26+00:00,,,FIB_RETRACE,boom:FIB_RETRACE:2025-10-10T20:30:00+00:00,1,6630.210382,6636.327765999999,6628.595596285714,6642.363,6.459142857142914,6636.31,6629.723,completed,time,False,False,-0.5098973769186834,-0.5598973769186835,15.0
2025-10-11 04:00:00+00:00,2025-10-11 04:01:00+00:00,2025-10-11 04:15:00+00:00,2025-10-11 04:30:01+00:00,,,2025-10-11 04:15:00+00:00,,,FIB_RETRACE,boom:FIB_RETRACE:2025-10-11T04:00:00+00:00,1,6638.251101999999,6643.945126,6636.741316285714,6663.587,6.039142857142971,,,expired,no_observed_touch,False,False,,,
2025-10-11 06:00:00+00:00,2025-10-11 06:01:00+00:00,2025-10-11 06:15:00+00:00,2025-10-11 06:30:01+00:00,,,2025-10-11 06:15:00+00:00,,,FIB_RETRACE,boom:FIB_RETRACE:2025-10-11T06:00:00+00:00,1,6652.447148,6657.316124,6650.6511658571435,6673.316,7.183928571428623,,,expired,no_observed_touch,False,False,,,
2025-10-11 11:00:00+00:00,2025-10-11 11:01:00+00:00,2025-10-11 11:15:00+00:00,2025-10-11 11:30:01+00:00,2025-10-11 11:14:07+00:00,2025-10-11 11:14:08+00:00,2025-10-11 11:29:08+00:00,,,FIB_RETRACE,boom:FIB_RETRACE:2025-10-11T11:00:00+00:00,1,6654.707572,6658.151236,6653.342786285714,6667.984,5.459142857142979,6658.131,6649.922,completed,time,False,False,-0.7518579578165583,-0.8018579578165583,15.0
2025-10-12 01:00:00+00:00,2025-10-12 01:01:00+00:00,2025-10-12 01:15:00+00:00,2025-10-12 01:30:01+00:00,,,2025-10-12 01:15:00+00:00,,,FIB_RETRACE,boom:FIB_RETRACE:2025-10-12T01:00:00+00:00,1,6618.633094,6623.071822,6617.197969,6636.602,5.740499999999884,,,expired,no_observed_touch,False,False,,,
2025-10-12 02:00:00+00:00,2025-10-12 02:01:00+00:00,2025-10-12 02:15:00+00:00,2025-10-12 02:30:01+00:00,,,2025-10-12 02:15:00+00:00,,,FIB_RETRACE,boom:FIB_RETRACE:2025-10-12T02:00:00+00:00,1,6648.202434,6658.321242,6645.892291142857,6694.175,9.240571428571457,,,expired,no_observed_touch,False,False,,,
2025-10-12 02:30:00+00:00,2025-10-12 02:31:00+00:00,2025-10-12 02:45:00+00:00,2025-10-12 03:00:01+00:00,,,2025-10-12 02:45:00+00:00,,,FIB_RETRACE,boom:FIB_RETRACE:2025-10-12T02:30:00+00:00,1,6677.16516,6681.775079999999,6675.619392142857,6696.204,6.183071428571501,,,expired,no_observed_touch,False,False,,,
2025-10-12 07:00:00+00:00,2025-10-12 07:01:00+00:00,2025-10-12 07:15:00+00:00,2025-10-12 07:30:01+00:00,,,2025-10-12 07:15:00+00:00,,,FIB_RETRACE,boom:FIB_RETRACE:2025-10-12T07:00:00+00:00,1,6696.722564,6699.834932,6694.995617571428,6709.312,6.907785714285702,,,expired,no_observed_touch,False,False,,,
2025-10-14 08:30:00+00:00,2025-10-14 08:31:00+00:00,2025-10-14 08:45:00+00:00,2025-10-14 09:00:01+00:00,,,2025-10-14 08:45:00+00:00,,,FIB_RETRACE,boom:FIB_RETRACE:2025-10-14T08:30:00+00:00,1,6420.23729,6428.5087699999995,6418.319218571429,6457.559,7.672285714285603,,,expired,no_observed_touch,False,False,,,
2025-10-14 11:30:00+00:00,2025-10-14 11:31:00+00:00,2025-10-14 11:45:00+00:00,2025-10-14 12:00:01+00:00,,,2025-10-14 11:45:00+00:00,,,FIB_RETRACE,boom:FIB_RETRACE:2025-10-14T11:30:00+00:00,1,6443.3319360000005,6448.073568,6441.583471714286,6465.431,6.993857142857061,,,expired,no_observed_touch,False,False,,,
2025-10-15 07:00:00+00:00,2025-10-15 07:01:00+00:00,2025-10-15 07:15:00+00:00,2025-10-15 07:30:01+00:00,,,2025-10-15 07:15:00+00:00,,,FIB_RETRACE,boom:FIB_RETRACE:2025-10-15T07:00:00+00:00,1,6386.132009999999,6390.03213,6384.769349285713,6402.968,5.4506428571428716,,,expired,no_observed_touch,False,False,,,
2025-10-15 07:30:00+00:00,2025-10-15 07:31:00+00:00,2025-10-15 07:45:00+00:00,2025-10-15 08:00:01+00:00,,,2025-10-15 07:45:00+00:00,,,FIB_RETRACE,boom:FIB_RETRACE:2025-10-15T07:30:00+00:00,1,6390.709566,6396.046758,6388.924351714286,6413.179,7.140857142857255,,,expired,no_observed_touch,False,False,,,
2025-10-15 10:00:00+00:00,2025-10-15 10:01:00+00:00,2025-10-15 10:15:00+00:00,2025-10-15 10:30:01+00:00,,,2025-10-15 10:15:00+00:00,,,FIB_RETRACE,boom:FIB_RETRACE:2025-10-15T10:00:00+00:00,1,6391.22096,6395.02448,6389.8040492857135,6407.539,5.667642857142774,,,expired,no_observed_touch,False,False,,,
2025-10-15 11:00:00+00:00,2025-10-15 11:01:00+00:00,2025-10-15 11:15:00+00:00,2025-10-15 11:30:01+00:00,,,2025-10-15 11:15:00+00:00,,,FIB_RETRACE,boom:FIB_RETRACE:2025-10-15T11:00:00+00:00,1,6400.451972,6404.416436,6398.894436285714,6416.915,6.230142857142774,,,expired,no_observed_touch,False,False,,,
2025-10-15 12:00:00+00:00,2025-10-15 12:01:00+00:00,2025-10-15 12:15:00+00:00,2025-10-15 12:30:01+00:00,,,2025-10-15 12:15:00+00:00,,,FIB_RETRACE,boom:FIB_RETRACE:2025-10-15T12:00:00+00:00,1,6410.628038,6415.855694,6408.930395142857,6433.988,6.790571428571509,,,expired,no_observed_touch,False,False,,,
2025-10-17 05:00:00+00:00,2025-10-17 05:01:00+00:00,2025-10-17 05:15:00+00:00,2025-10-17 05:30:01+00:00,,,2025-10-17 05:15:00+00:00,,,FIB_RETRACE,boom:FIB_RETRACE:2025-10-17T05:00:00+00:00,1,6440.680774,6445.475662,6438.808684714286,6462.878,7.488357142856979,,,expired,no_observed_touch,False,False,,,
2025-10-18 02:00:00+00:00,2025-10-18 02:01:00+00:00,2025-10-18 02:15:00+00:00,2025-10-18 02:30:01+00:00,,,2025-10-18 02:15:00+00:00,,,FIB_RETRACE,boom:FIB_RETRACE:2025-10-18T02:00:00+00:00,1,6322.608784,6328.111792,6321.275016142858,6345.609,5.335071428571415,,,expired,no_observed_touch,False,False,,,
2025-10-19 09:00:00+00:00,2025-10-19 09:01:00+00:00,2025-10-19 09:15:00+00:00,2025-10-19 09:30:01+00:00,,,2025-10-19 09:15:00+00:00,,,FIB_RETRACE,boom:FIB_RETRACE:2025-10-19T09:00:00+00:00,1,6241.949438,6246.437894,6240.516723714285,6260.847,5.730857142857141,,,expired,no_observed_touch,False,False,,,
2025-10-19 12:00:00+00:00,2025-10-19 12:01:00+00:00,2025-10-19 12:15:00+00:00,2025-10-19 12:30:01+00:00,,,2025-10-19 12:15:00+00:00,,,FIB_RETRACE,boom:FIB_RETRACE:2025-10-19T12:00:00+00:00,1,6257.03854,6261.59302,6255.616486428571,6277.981,5.688214285714301,,,expired,no_observed_touch,False,False,,,
2025-10-21 04:30:00+00:00,2025-10-21 04:31:00+00:00,2025-10-21 04:45:00+00:00,2025-10-21 05:00:01+00:00,,,2025-10-21 04:45:00+00:00,,,FIB_RETRACE,boom:FIB_RETRACE:2025-10-21T04:30:00+00:00,1,6038.082686,6040.913318,6036.744739571428,6048.28,5.351785714285662,,,expired,no_observed_touch,False,False,,,
2025-10-21 20:00:00+00:00,2025-10-21 20:01:00+00:00,2025-10-21 20:15:00+00:00,2025-10-21 20:30:01+00:00,,,2025-10-21 20:15:00+00:00,,,FIB_RETRACE,boom:FIB_RETRACE:2025-10-21T20:00:00+00:00,1,6051.1630399999995,6054.83552,6049.670093571428,6068.345,5.9717857142857484,,,expired,no_observed_touch,False,False,,,
2025-10-22 02:00:00+00:00,2025-10-22 02:01:00+00:00,2025-10-22 02:15:00+00:00,2025-10-22 02:30:01+00:00,,,2025-10-22 02:15:00+00:00,,,FIB_RETRACE,boom:FIB_RETRACE:2025-10-22T02:00:00+00:00,1,6078.28744,6084.412719999999,6076.800279285714,6106.767,5.948642857142919,,,expired,no_observed_touch,False,False,,,
2025-10-22 21:00:00+00:00,2025-10-22 21:01:00+00:00,2025-10-22 21:15:00+00:00,2025-10-22 21:30:01+00:00,,,2025-10-22 21:15:00+00:00,,,FIB_RETRACE,boom:FIB_RETRACE:2025-10-22T21:00:00+00:00,1,6009.484646,6014.354798,6008.140074571428,6031.857,5.378285714285864,,,expired,no_observed_touch,False,False,,,
2025-10-23 00:00:00+00:00,2025-10-23 00:01:00+00:00,2025-10-23 00:15:00+00:00,2025-10-23 00:30:01+00:00,,,2025-10-23 00:15:00+00:00,,,FIB_RETRACE,boom:FIB_RETRACE:2025-10-23T00:00:00+00:00,1,6043.5325379999995,6048.802194,6042.272520142857,6065.979,5.040071428571407,,,expired,no_observed_touch,False,False,,,
2025-10-23 00:30:00+00:00,2025-10-23 00:31:00+00:00,2025-10-23 00:45:00+00:00,2025-10-23 01:00:01+00:00,,,2025-10-23 00:45:00+00:00,,,FIB_RETRACE,boom:FIB_RETRACE:2025-10-23T00:30:00+00:00,1,6044.648762,6050.794706,6043.130208428571,6071.818,6.0742142857143335,,,expired,no_observed_touch,False,False,,,
2025-10-26 16:00:00+00:00,2025-10-26 16:01:00+00:00,2025-10-26 16:15:00+00:00,2025-10-26 16:30:01+00:00,,,2025-10-26 16:15:00+00:00,,,FIB_RETRACE,boom:FIB_RETRACE:2025-10-26T16:00:00+00:00,1,6163.959406,6169.558678,6162.479691714286,6186.697,5.9188571428572425,,,expired,no_observed_touch,False,False,,,
2025-10-27 00:00:00+00:00,2025-10-27 00:01:00+00:00,2025-10-27 00:15:00+00:00,2025-10-27 00:30:01+00:00,,,2025-10-27 00:15:00+00:00,,,FIB_RETRACE,boom:FIB_RETRACE:2025-10-27T00:00:00+00:00,1,6163.600452,6168.122676,6162.180184142857,6183.336,5.681071428571353,,,expired,no_observed_touch,False,False,,,
2025-10-27 00:30:00+00:00,2025-10-27 00:31:00+00:00,2025-10-27 00:45:00+00:00,2025-10-27 01:00:01+00:00,,,2025-10-27 00:45:00+00:00,,,FIB_RETRACE,boom:FIB_RETRACE:2025-10-27T00:30:00+00:00,1,6166.940236,6172.7654680000005,6165.428432428572,6193.394,6.047214285714225,,,expired,no_observed_touch,False,False,,,
2025-10-28 00:00:00+00:00,2025-10-28 00:01:00+00:00,2025-10-28 00:15:00+00:00,2025-10-28 00:30:01+00:00,,,2025-10-28 00:15:00+00:00,,,FIB_RETRACE,boom:FIB_RETRACE:2025-10-28T00:00:00+00:00,1,6251.292222,6259.267686,6249.3843291428575,6285.755,7.631571428571468,,,expired,no_observed_touch,False,False,,,
2025-10-29 07:00:00+00:00,2025-10-29 07:01:00+00:00,2025-10-29 07:15:00+00:00,2025-10-29 07:30:01+00:00,,,2025-10-29 07:15:00+00:00,,,FIB_RETRACE,boom:FIB_RETRACE:2025-10-29T07:00:00+00:00,1,6283.1831680000005,6288.712384,6281.766221571429,6304.305,5.667785714285595,,,expired,no_observed_touch,False,False,,,
2025-10-30 15:00:00+00:00,2025-10-30 15:01:00+00:00,2025-10-30 15:15:00+00:00,2025-10-30 15:30:01+00:00,,,2025-10-30 15:15:00+00:00,,,FIB_RETRACE,boom:FIB_RETRACE:2025-10-30T15:00:00+00:00,1,6361.674572,6365.538236,6360.329661285714,6377.014,5.3796428571427635,,,expired,no_observed_touch,False,False,,,
2025-10-31 14:00:00+00:00,2025-10-31 14:01:00+00:00,2025-10-31 14:15:00+00:00,2025-10-31 14:30:01+00:00,,,2025-10-31 14:15:00+00:00,,,FIB_RETRACE,boom:FIB_RETRACE:2025-10-31T14:00:00+00:00,1,6349.715824,6354.607312,6348.312431142857,6372.3,5.613571428571374,,,expired,no_observed_touch,False,False,,,
2025-10-31 14:30:00+00:00,2025-10-31 14:31:00+00:00,2025-10-31 14:45:00+00:00,2025-10-31 15:00:01+00:00,,,2025-10-31 14:45:00+00:00,,,FIB_RETRACE,boom:FIB_RETRACE:2025-10-31T14:30:00+00:00,1,6360.352766,6364.816358,6358.637158857143,6380.141,6.862428571428544,,,expired,no_observed_touch,False,False,,,
2025-11-01 16:00:00+00:00,2025-11-01 16:01:00+00:00,2025-11-01 16:15:00+00:00,2025-11-01 16:30:01+00:00,,,2025-11-01 16:15:00+00:00,,,FIB_RETRACE,boom:FIB_RETRACE:2025-11-01T16:00:00+00:00,1,6433.051228,6443.501164,6430.914138714286,6479.121,8.54835714285712,,,expired,no_observed_touch,False,False,,,
2025-11-01 16:30:00+00:00,2025-11-01 16:31:00+00:00,2025-11-01 16:45:00+00:00,2025-11-01 17:00:01+00:00,,,2025-11-01 16:45:00+00:00,,,FIB_RETRACE,boom:FIB_RETRACE:2025-11-01T16:30:00+00:00,1,6437.443216,6448.1522079999995,6435.213358857142,6485.696,8.919428571428593,,,expired,no_observed_touch,False,False,,,
2025-11-02 15:30:00+00:00,2025-11-02 15:31:00+00:00,2025-11-02 15:45:00+00:00,2025-11-02 16:00:01+00:00,,,2025-11-02 15:45:00+00:00,,,FIB_RETRACE,boom:FIB_RETRACE:2025-11-02T15:30:00+00:00,1,6434.210722,6439.708186,6432.807597,6458.484,5.612499999999792,,,expired,no_observed_touch,False,False,,,
2025-11-03 21:00:00+00:00,2025-11-03 21:01:00+00:00,2025-11-03 21:15:00+00:00,2025-11-03 21:30:01+00:00,,,2025-11-03 21:15:00+00:00,,,FIB_RETRACE,boom:FIB_RETRACE:2025-11-03T21:00:00+00:00,1,6357.575282,6361.5674659999995,6356.140799857143,6375.388,5.7379285714284505,,,expired,no_observed_touch,False,False,,,
2025-11-04 00:00:00+00:00,2025-11-04 00:01:00+00:00,2025-11-04 00:15:00+00:00,2025-11-04 00:30:01+00:00,,,2025-11-04 00:15:00+00:00,,,FIB_RETRACE,boom:FIB_RETRACE:2025-11-04T00:00:00+00:00,1,6347.947544,6352.079672,6346.709615428571,6366.42,4.951714285714323,,,expired,no_observed_touch,False,False,,,
2025-11-04 00:30:00+00:00,2025-11-04 00:31:00+00:00,2025-11-04 00:45:00+00:00,2025-11-04 01:00:01+00:00,,,2025-11-04 00:45:00+00:00,,,FIB_RETRACE,boom:FIB_RETRACE:2025-11-04T00:30:00+00:00,1,6352.919620000001,6360.95506,6351.205137857143,6388.397,6.857928571428537,,,expired,no_observed_touch,False,False,,,
2025-11-05 03:00:00+00:00,2025-11-05 03:01:00+00:00,2025-11-05 03:15:00+00:00,2025-11-05 03:30:01+00:00,,,2025-11-05 03:15:00+00:00,,,FIB_RETRACE,boom:FIB_RETRACE:2025-11-05T03:00:00+00:00,1,6307.9528660000005,6311.853658,6306.399044571429,6325.25,6.215285714285723,,,expired,no_observed_touch,False,False,,,
2025-11-05 08:00:00+00:00,2025-11-05 08:01:00+00:00,2025-11-05 08:15:00+00:00,2025-11-05 08:30:01+00:00,,,2025-11-05 08:15:00+00:00,,,FIB_RETRACE,boom:FIB_RETRACE:2025-11-05T08:00:00+00:00,1,6312.655114,6317.670082,6310.999864,6334.123,6.621000000000095,,,expired,no_observed_touch,False,False,,,
2025-11-05 22:00:00+00:00,2025-11-05 22:01:00+00:00,2025-11-05 22:15:00+00:00,2025-11-05 22:30:01+00:00,,,2025-11-05 22:15:00+00:00,,,FIB_RETRACE,boom:FIB_RETRACE:2025-11-05T22:00:00+00:00,1,6307.603676,6312.162187999999,6305.925872428571,6328.75,6.711214285714244,,,expired,no_observed_touch,False,False,,,
2025-11-05 22:30:00+00:00,2025-11-05 22:31:00+00:00,2025-11-05 22:45:00+00:00,2025-11-05 23:00:01+00:00,,,2025-11-05 22:45:00+00:00,,,FIB_RETRACE,boom:FIB_RETRACE:2025-11-05T22:30:00+00:00,1,6311.87128,6319.4346399999995,6310.171994285714,6345.253,6.797142857142782,,,expired,no_observed_touch,False,False,,,
2025-11-05 23:00:00+00:00,2025-11-05 23:01:00+00:00,2025-11-05 23:15:00+00:00,2025-11-05 23:30:01+00:00,,,2025-11-05 23:15:00+00:00,,,FIB_RETRACE,boom:FIB_RETRACE:2025-11-05T23:00:00+00:00,1,6339.705088,6348.557344,6337.690605857142,6378.177,8.057928571428615,,,expired,no_observed_touch,False,False,,,
2025-11-07 04:00:00+00:00,2025-11-07 04:01:00+00:00,2025-11-07 04:15:00+00:00,2025-11-07 04:30:01+00:00,,,2025-11-07 04:15:00+00:00,,,FIB_RETRACE,boom:FIB_RETRACE:2025-11-07T04:00:00+00:00,1,6364.840104,6372.590952,6362.970800428571,6399.904,7.477214285714256,,,expired,no_observed_touch,False,False,,,
2025-11-08 03:00:00+00:00,2025-11-08 03:01:00+00:00,2025-11-08 03:15:00+00:00,2025-11-08 03:30:01+00:00,,,2025-11-08 03:15:00+00:00,,,FIB_RETRACE,boom:FIB_RETRACE:2025-11-08T03:00:00+00:00,1,6318.095032,6322.1082160000005,6316.845210571429,6335.963,4.999285714285894,,,expired,no_observed_touch,False,False,,,
2025-11-09 00:00:00+00:00,2025-11-09 00:01:00+00:00,2025-11-09 00:15:00+00:00,2025-11-09 00:30:01+00:00,,,2025-11-09 00:15:00+00:00,,,FIB_RETRACE,boom:FIB_RETRACE:2025-11-09T00:00:00+00:00,1,6218.4895480000005,6222.871324,6216.974280142857,6238.784,6.0610714285715925,,,expired,no_observed_touch,False,False,,,
2025-11-09 00:30:00+00:00,2025-11-09 00:31:00+00:00,2025-11-09 00:45:00+00:00,2025-11-09 01:00:01+00:00,,,2025-11-09 00:45:00+00:00,,,FIB_RETRACE,boom:FIB_RETRACE:2025-11-09T00:30:00+00:00,1,6218.4895480000005,6222.871324,6217.158244428572,6229.964,5.325214285714343,,,expired,no_observed_touch,False,False,,,
2025-11-10 11:00:00+00:00,2025-11-10 11:01:00+00:00,2025-11-10 11:15:00+00:00,2025-11-10 11:30:01+00:00,,,2025-11-10 11:15:00+00:00,,,FIB_RETRACE,boom:FIB_RETRACE:2025-11-10T11:00:00+00:00,1,6190.060244,6195.292772000001,6188.680386857143,6212.863,5.519428571428501,,,expired,no_observed_touch,False,False,,,
2025-11-11 02:30:00+00:00,2025-11-11 02:31:00+00:00,2025-11-11 02:45:00+00:00,2025-11-11 03:00:01+00:00,,,2025-11-11 02:45:00+00:00,,,FIB_RETRACE,boom:FIB_RETRACE:2025-11-11T02:30:00+00:00,1,6241.897196,6246.401948,6240.480178142857,6262.489,5.668071428571499,,,expired,no_observed_touch,False,False,,,
2025-11-11 21:30:00+00:00,2025-11-11 21:31:00+00:00,2025-11-11 21:45:00+00:00,2025-11-11 22:00:01+00:00,,,2025-11-11 21:45:00+00:00,,,FIB_RETRACE,boom:FIB_RETRACE:2025-11-11T21:30:00+00:00,1,6211.977658,6217.512753999999,6210.249033,6234.95,6.914500000000056,,,expired,no_observed_touch,False,False,,,
2025-11-13 06:30:00+00:00,2025-11-13 06:31:00+00:00,2025-11-13 06:45:00+00:00,2025-11-13 07:00:01+00:00,,,2025-11-13 06:45:00+00:00,,,FIB_RETRACE,boom:FIB_RETRACE:2025-11-13T06:30:00+00:00,1,6237.54036,6244.04868,6236.13061,6252.173,5.638999999999994,,,expired,no_observed_touch,False,False,,,
2025-11-14 01:00:00+00:00,2025-11-14 01:01:00+00:00,2025-11-14 01:15:00+00:00,2025-11-14 01:30:01+00:00,,,2025-11-14 01:15:00+00:00,,,FIB_RETRACE,boom:FIB_RETRACE:2025-11-14T01:00:00+00:00,1,6207.170704,6213.812752,6205.381936142857,6236.191,7.155071428571513,,,expired,no_observed_touch,False,False,,,
2025-11-14 01:30:00+00:00,2025-11-14 01:31:00+00:00,2025-11-14 01:45:00+00:00,2025-11-14 02:00:01+00:00,,,2025-11-14 01:45:00+00:00,,,FIB_RETRACE,boom:FIB_RETRACE:2025-11-14T01:30:00+00:00,1,6210.951408,6220.287504,6209.181140142857,6251.702,7.081071428571444,,,expired,no_observed_touch,False,False,,,
2025-11-14 03:30:00+00:00,2025-11-14 03:31:00+00:00,2025-11-14 03:45:00+00:00,2025-11-14 04:00:01+00:00,,,2025-11-14 03:45:00+00:00,,,FIB_RETRACE,boom:FIB_RETRACE:2025-11-14T03:30:00+00:00,1,6245.399829999999,6249.5737899999995,6243.971312142857,6262.546,5.71407142857145,,,expired,no_observed_touch,False,False,,,
2025-11-14 04:30:00+00:00,2025-11-14 04:31:00+00:00,2025-11-14 04:45:00+00:00,2025-11-14 05:00:01+00:00,,,2025-11-14 04:45:00+00:00,,,FIB_RETRACE,boom:FIB_RETRACE:2025-11-14T04:30:00+00:00,1,6263.28625,6267.63325,6261.7991250000005,6277.832,5.948500000000097,,,expired,no_observed_touch,False,False,,,
2025-11-14 08:00:00+00:00,2025-11-14 08:01:00+00:00,2025-11-14 08:15:00+00:00,2025-11-14 08:30:01+00:00,,,2025-11-14 08:15:00+00:00,,,FIB_RETRACE,boom:FIB_RETRACE:2025-11-14T08:00:00+00:00,1,6239.03248,6247.90624,6237.352015714286,6279.918,6.721857142857126,,,expired,no_observed_touch,False,False,,,
2025-11-14 08:30:00+00:00,2025-11-14 08:31:00+00:00,2025-11-14 08:45:00+00:00,2025-11-14 09:00:01+00:00,,,2025-11-14 08:45:00+00:00,,,FIB_RETRACE,boom:FIB_RETRACE:2025-11-14T08:30:00+00:00,1,6241.730032,6250.027216,6239.892764142857,6279.935,7.349071428571473,,,expired,no_observed_touch,False,False,,,
2025-11-14 11:00:00+00:00,2025-11-14 11:01:00+00:00,2025-11-14 11:15:00+00:00,2025-11-14 11:30:01+00:00,,,2025-11-14 11:15:00+00:00,,,FIB_RETRACE,boom:FIB_RETRACE:2025-11-14T11:00:00+00:00,1,6264.316342,6272.389246000001,6262.4580562857145,6299.977,7.433142857142749,,,expired,no_observed_touch,False,False,,,
2025-11-14 12:00:00+00:00,2025-11-14 12:01:00+00:00,2025-11-14 12:15:00+00:00,2025-11-14 12:30:01+00:00,2025-11-14 12:01:01+00:00,2025-11-14 12:01:02+00:00,2025-11-14 12:16:02+00:00,,,FIB_RETRACE,boom:FIB_RETRACE:2025-11-14T12:00:00+00:00,1,6301.441076,6304.420388,6299.696808142857,6304.503,6.977071428571435,6303.779,6294.407,completed,time,False,False,-0.6716284974252605,-0.7216284974252606,15.0
2025-11-15 04:00:00+00:00,2025-11-15 04:01:00+00:00,2025-11-15 04:15:00+00:00,2025-11-15 04:30:01+00:00,,,2025-11-15 04:15:00+00:00,,,FIB_RETRACE,boom:FIB_RETRACE:2025-11-15T04:00:00+00:00,1,6235.973974,6241.575262,6234.407991857143,6259.684,6.263928571428745,,,expired,no_observed_touch,False,False,,,
2025-11-15 17:30:00+00:00,2025-11-15 17:31:00+00:00,2025-11-15 17:45:00+00:00,2025-11-15 18:00:01+00:00,,,2025-11-15 17:45:00+00:00,,,FIB_RETRACE,boom:FIB_RETRACE:2025-11-15T17:30:00+00:00,1,6317.037188,6323.226644,6315.278223714286,6345.92,7.035857142857107,,,expired,no_observed_touch,False,False,,,
2025-11-16 02:00:00+00:00,2025-11-16 02:01:00+00:00,2025-11-16 02:15:00+00:00,2025-11-16 02:30:01+00:00,,,2025-11-16 02:15:00+00:00,,,FIB_RETRACE,boom:FIB_RETRACE:2025-11-16T02:00:00+00:00,1,6343.555584,6351.360191999999,6341.817726857143,6379.7,6.95142857142868,,,expired,no_observed_touch,False,False,,,
2025-11-16 03:30:00+00:00,2025-11-16 03:31:00+00:00,2025-11-16 03:45:00+00:00,2025-11-16 04:00:01+00:00,,,2025-11-16 03:45:00+00:00,,,FIB_RETRACE,boom:FIB_RETRACE:2025-11-16T03:30:00+00:00,1,6387.093056,6391.512128,6385.704984571428,6405.757,5.5522857142857776,,,expired,no_observed_touch,False,False,,,
2025-11-16 04:30:00+00:00,2025-11-16 04:31:00+00:00,2025-11-16 04:45:00+00:00,2025-11-16 05:00:01+00:00,,,2025-11-16 04:45:00+00:00,,,FIB_RETRACE,boom:FIB_RETRACE:2025-11-16T04:30:00+00:00,1,6409.629858,6416.727354,6407.636697285715,6441.949,7.97264285714274,,,expired,no_observed_touch,False,False,,,
2025-11-17 16:00:00+00:00,2025-11-17 16:01:00+00:00,2025-11-17 16:15:00+00:00,2025-11-17 16:30:01+00:00,,,2025-11-17 16:15:00+00:00,,,FIB_RETRACE,boom:FIB_RETRACE:2025-11-17T16:00:00+00:00,1,6383.5755500000005,6386.65415,6382.014800000001,6397.659,6.2429999999998085,,,expired,no_observed_touch,False,False,,,
2025-11-17 17:30:00+00:00,2025-11-17 17:31:00+00:00,2025-11-17 17:45:00+00:00,2025-11-17 18:00:01+00:00,,,2025-11-17 17:45:00+00:00,,,FIB_RETRACE,boom:FIB_RETRACE:2025-11-17T17:30:00+00:00,1,6397.455215999999,6403.376208,6395.732876714285,6424.809,6.8893571428570795,,,expired,no_observed_touch,False,False,,,
2025-11-18 11:00:00+00:00,2025-11-18 11:01:00+00:00,2025-11-18 11:15:00+00:00,2025-11-18 11:30:01+00:00,,,2025-11-18 11:15:00+00:00,,,FIB_RETRACE,boom:FIB_RETRACE:2025-11-18T11:00:00+00:00,1,6379.597408,6381.121504,6378.399318714285,6386.15,4.792357142857132,,,expired,no_observed_touch,False,False,,,
2025-11-18 12:00:00+00:00,2025-11-18 12:01:00+00:00,2025-11-18 12:15:00+00:00,2025-11-18 12:30:01+00:00,,,2025-11-18 12:15:00+00:00,,,FIB_RETRACE,boom:FIB_RETRACE:2025-11-18T12:00:00+00:00,1,6392.0177380000005,6399.941794,6389.956541571429,6428.038,8.244785714285756,,,expired,no_observed_touch,False,False,,,
2025-11-19 12:30:00+00:00,2025-11-19 12:31:00+00:00,2025-11-19 12:45:00+00:00,2025-11-19 13:00:01+00:00,,,2025-11-19 12:45:00+00:00,,,FIB_RETRACE,boom:FIB_RETRACE:2025-11-19T12:30:00+00:00,1,6467.016824,6473.924312,6465.285413285715,6496.744,6.925642857142975,,,expired,no_observed_touch,False,False,,,
2025-11-19 13:30:00+00:00,2025-11-19 13:31:00+00:00,2025-11-19 13:45:00+00:00,2025-11-19 14:00:01+00:00,,,2025-11-19 13:45:00+00:00,,,FIB_RETRACE,boom:FIB_RETRACE:2025-11-19T13:30:00+00:00,1,6486.4625940000005,6493.967322,6484.539629714286,6519.258,7.691857142856991,,,expired,no_observed_touch,False,False,,,
2025-11-21 12:30:00+00:00,2025-11-21 12:31:00+00:00,2025-11-21 12:45:00+00:00,2025-11-21 13:00:01+00:00,,,2025-11-21 12:45:00+00:00,,,FIB_RETRACE,boom:FIB_RETRACE:2025-11-21T12:30:00+00:00,1,6438.933242,6442.360946,6437.535706285715,6451.659,5.590142857143031,,,expired,no_observed_touch,False,False,,,
2025-11-21 13:00:00+00:00,2025-11-21 13:01:00+00:00,2025-11-21 13:15:00+00:00,2025-11-21 13:30:01+00:00,,,2025-11-21 13:15:00+00:00,,,FIB_RETRACE,boom:FIB_RETRACE:2025-11-21T13:00:00+00:00,1,6442.892884,6449.429092,6441.239241142857,6471.222,6.614571428571513,,,expired,no_observed_touch,False,False,,,
2025-11-21 16:30:00+00:00,2025-11-21 16:31:00+00:00,2025-11-21 16:45:00+00:00,2025-11-21 17:00:01+00:00,,,2025-11-21 16:45:00+00:00,,,FIB_RETRACE,boom:FIB_RETRACE:2025-11-21T16:30:00+00:00,1,6465.723922,6474.295786000001,6463.573529142857,6503.133,8.601571428571399,,,expired,no_observed_touch,False,False,,,
2025-11-22 00:00:00+00:00,2025-11-22 00:01:00+00:00,2025-11-22 00:15:00+00:00,2025-11-22 00:30:01+00:00,,,2025-11-22 00:15:00+00:00,,,FIB_RETRACE,boom:FIB_RETRACE:2025-11-22T00:00:00+00:00,1,6544.437833999999,6548.609442,6543.107637571428,6563.167,5.320785714285713,,,expired,no_observed_touch,False,False,,,
2025-11-22 21:30:00+00:00,2025-11-22 21:31:00+00:00,2025-11-22 21:45:00+00:00,2025-11-22 22:00:01+00:00,2025-11-22 21:44:24+00:00,2025-11-22 21:44:25+00:00,2025-11-22 21:59:25+00:00,,,FIB_RETRACE,boom:FIB_RETRACE:2025-11-22T21:30:00+00:00,1,6584.951746,6588.251098,6583.594442428571,6597.657,5.429214285714222,6588.235,6589.872,completed,time,False,False,0.15075846281367358,0.10075846281367358,15.0
2025-11-22 22:30:00+00:00,2025-11-22 22:31:00+00:00,2025-11-22 22:45:00+00:00,2025-11-22 23:00:01+00:00,,,2025-11-22 22:45:00+00:00,,,FIB_RETRACE,boom:FIB_RETRACE:2025-11-22T22:30:00+00:00,1,6589.085024,6593.522911999999,6587.526738285715,6609.698,6.233142857142931,,,expired,no_observed_touch,False,False,,,
2025-11-23 05:00:00+00:00,2025-11-23 05:01:00+00:00,2025-11-23 05:15:00+00:00,2025-11-23 05:30:01+00:00,,,2025-11-23 05:15:00+00:00,,,FIB_RETRACE,boom:FIB_RETRACE:2025-11-23T05:00:00+00:00,1,6597.830276,6602.455988,6596.298168857143,6618.575,6.128428571428685,,,expired,no_observed_touch,False,False,,,
2025-11-24 20:00:00+00:00,2025-11-24 20:01:00+00:00,2025-11-24 20:15:00+00:00,2025-11-24 20:30:01+00:00,,,2025-11-24 20:15:00+00:00,,,FIB_RETRACE,boom:FIB_RETRACE:2025-11-24T20:00:00+00:00,1,6605.415043999999,6611.437172,6603.781026142857,6630.88,6.536071428571437,,,expired,no_observed_touch,False,False,,,
2025-11-26 04:00:00+00:00,2025-11-26 04:01:00+00:00,2025-11-26 04:15:00+00:00,2025-11-26 04:30:01+00:00,,,2025-11-26 04:15:00+00:00,,,FIB_RETRACE,boom:FIB_RETRACE:2025-11-26T04:00:00+00:00,1,6634.8906879999995,6647.674144,6632.557223714285,6694.435,9.333857142857076,,,expired,no_observed_touch,False,False,,,
2025-11-26 06:30:00+00:00,2025-11-26 06:31:00+00:00,2025-11-26 06:45:00+00:00,2025-11-26 07:00:01+00:00,,,2025-11-26 06:45:00+00:00,,,FIB_RETRACE,boom:FIB_RETRACE:2025-11-26T06:30:00+00:00,1,6699.331394,6703.929722,6697.955733285714,6714.655,5.502642857142746,,,expired,no_observed_touch,False,False,,,
2025-11-26 20:00:00+00:00,2025-11-26 20:01:00+00:00,2025-11-26 20:15:00+00:00,2025-11-26 20:30:01+00:00,,,2025-11-26 20:15:00+00:00,,,FIB_RETRACE,boom:FIB_RETRACE:2025-11-26T20:00:00+00:00,1,6700.668790000001,6711.08227,6698.653343571429,6748.755,8.061785714285763,,,expired,no_observed_touch,False,False,,,
2025-11-27 05:30:00+00:00,2025-11-27 05:31:00+00:00,2025-11-27 05:45:00+00:00,2025-11-27 06:00:01+00:00,,,2025-11-27 05:45:00+00:00,,,FIB_RETRACE,boom:FIB_RETRACE:2025-11-27T05:30:00+00:00,1,6814.209638,6822.7804940000005,6812.195102285715,6853.726,8.05814285714288,,,expired,no_observed_touch,False,False,,,
2025-11-28 18:00:00+00:00,2025-11-28 18:01:00+00:00,2025-11-28 18:15:00+00:00,2025-11-28 18:30:01+00:00,,,2025-11-28 18:15:00+00:00,,,FIB_RETRACE,boom:FIB_RETRACE:2025-11-28T18:00:00+00:00,1,6754.792632,6760.973016,6753.020435571429,6781.101,7.0887857142856125,,,expired,no_observed_touch,False,False,,,
2025-11-29 18:00:00+00:00,2025-11-29 18:01:00+00:00,2025-11-29 18:15:00+00:00,2025-11-29 18:30:01+00:00,,,2025-11-29 18:15:00+00:00,,,FIB_RETRACE,boom:FIB_RETRACE:2025-11-29T18:00:00+00:00,1,6836.859821999999,6841.626486,6835.447750571428,6857.266,5.6482857142857155,,,expired,no_observed_touch,False,False,,,
2025-11-30 10:00:00+00:00,2025-11-30 10:01:00+00:00,2025-11-30 10:15:00+00:00,2025-11-30 10:30:01+00:00,,,2025-11-30 10:15:00+00:00,,,FIB_RETRACE,boom:FIB_RETRACE:2025-11-30T10:00:00+00:00,1,6766.351238,6770.789294,6764.768559428571,6786.725,6.330714285714358,,,expired,no_observed_touch,False,False,,,
2025-11-30 14:00:00+00:00,2025-11-30 14:01:00+00:00,2025-11-30 14:15:00+00:00,2025-11-30 14:30:01+00:00,,,2025-11-30 14:15:00+00:00,,,FIB_RETRACE,boom:FIB_RETRACE:2025-11-30T14:00:00+00:00,1,6766.075852,6770.026876,6764.664512714286,6783.483,5.645357142857067,,,expired,no_observed_touch,False,False,,,
2025-11-30 15:00:00+00:00,2025-11-30 15:01:00+00:00,2025-11-30 15:15:00+00:00,2025-11-30 15:30:01+00:00,,,2025-11-30 15:15:00+00:00,,,FIB_RETRACE,boom:FIB_RETRACE:2025-11-30T15:00:00+00:00,1,6769.9855179999995,6775.602934,6768.134018,6796.203,7.406000000000014,,,expired,no_observed_touch,False,False,,,
2025-12-02 18:30:00+00:00,2025-12-02 18:31:00+00:00,2025-12-02 18:45:00+00:00,2025-12-02 19:00:01+00:00,,,2025-12-02 18:45:00+00:00,,,FIB_RETRACE,boom:FIB_RETRACE:2025-12-02T18:30:00+00:00,1,6559.392212,6570.691556,6557.032087,6611.914,9.440499999999897,,,expired,no_observed_touch,False,False,,,
2025-12-03 06:00:00+00:00,2025-12-03 06:01:00+00:00,2025-12-03 06:15:00+00:00,2025-12-03 06:30:01+00:00,,,2025-12-03 06:15:00+00:00,,,FIB_RETRACE,boom:FIB_RETRACE:2025-12-03T06:00:00+00:00,1,6557.193208,6566.730904,6555.348154428571,6601.535,7.3802142857143735,,,expired,no_observed_touch,False,False,,,
2025-12-03 06:30:00+00:00,2025-12-03 06:31:00+00:00,2025-12-03 06:45:00+00:00,2025-12-03 07:00:01+00:00,,,2025-12-03 06:45:00+00:00,,,FIB_RETRACE,boom:FIB_RETRACE:2025-12-03T06:30:00+00:00,1,6579.32068,6584.12884,6577.794626428571,6595.635,6.104214285714273,,,expired,no_observed_touch,False,False,,,
2025-12-03 07:00:00+00:00,2025-12-03 07:01:00+00:00,2025-12-03 07:15:00+00:00,2025-12-03 07:30:01+00:00,,,2025-12-03 07:15:00+00:00,,,FIB_RETRACE,boom:FIB_RETRACE:2025-12-03T07:00:00+00:00,1,6593.837442,6598.491546,6592.280334857143,6613.319,6.228428571428465,,,expired,no_observed_touch,False,False,,,
2025-12-04 04:00:00+00:00,2025-12-04 04:01:00+00:00,2025-12-04 04:15:00+00:00,2025-12-04 04:30:01+00:00,,,2025-12-04 04:15:00+00:00,,,FIB_RETRACE,boom:FIB_RETRACE:2025-12-04T04:00:00+00:00,1,6488.417886,6492.222918,6486.942368142857,6505.71,5.902071428571552,,,expired,no_observed_touch,False,False,,,
2025-12-04 08:00:00+00:00,2025-12-04 08:01:00+00:00,2025-12-04 08:15:00+00:00,2025-12-04 08:30:01+00:00,,,2025-12-04 08:15:00+00:00,,,FIB_RETRACE,boom:FIB_RETRACE:2025-12-04T08:00:00+00:00,1,6528.965332,6533.978116,6527.467082,6541.577,5.992999999999873,,,expired,no_observed_touch,False,False,,,
2025-12-04 23:30:00+00:00,2025-12-04 23:31:00+00:00,2025-12-04 23:45:00+00:00,2025-12-05 00:00:01+00:00,,,2025-12-04 23:45:00+00:00,,,FIB_RETRACE,boom:FIB_RETRACE:2025-12-04T23:30:00+00:00,1,6494.80191,6500.52483,6493.310231428572,6518.148,5.96671428571439,,,expired,no_observed_touch,False,False,,,
2025-12-05 09:00:00+00:00,2025-12-05 09:01:00+00:00,2025-12-05 09:15:00+00:00,2025-12-05 09:30:01+00:00,,,2025-12-05 09:15:00+00:00,,,FIB_RETRACE,boom:FIB_RETRACE:2025-12-05T09:00:00+00:00,1,6488.861194,6494.669121999999,6487.055515428571,6515.404,7.222714285714313,,,expired,no_observed_touch,False,False,,,
2025-12-05 09:30:00+00:00,2025-12-05 09:31:00+00:00,2025-12-05 09:45:00+00:00,2025-12-05 10:00:01+00:00,,,2025-12-05 09:45:00+00:00,,,FIB_RETRACE,boom:FIB_RETRACE:2025-12-05T09:30:00+00:00,1,6489.221998,6495.313174,6487.559819428571,6517.635,6.64871428571444,,,expired,no_observed_touch,False,False,,,
2025-12-05 21:00:00+00:00,2025-12-05 21:01:00+00:00,2025-12-05 21:15:00+00:00,2025-12-05 21:30:01+00:00,,,2025-12-05 21:15:00+00:00,,,FIB_RETRACE,boom:FIB_RETRACE:2025-12-05T21:00:00+00:00,1,6561.635695999999,6567.358448,6559.793124571428,6584.78,7.370285714285793,,,expired,no_observed_touch,False,False,,,
2025-12-07 11:00:00+00:00,2025-12-07 11:01:00+00:00,2025-12-07 11:15:00+00:00,2025-12-07 11:30:01+00:00,,,2025-12-07 11:15:00+00:00,,,FIB_RETRACE,boom:FIB_RETRACE:2025-12-07T11:00:00+00:00,1,6521.398217999999,6526.520034,6519.997592999999,6542.656,5.602499999999964,,,expired,no_observed_touch,False,False,,,
2025-12-08 01:00:00+00:00,2025-12-08 01:01:00+00:00,2025-12-08 01:15:00+00:00,2025-12-08 01:30:01+00:00,,,2025-12-08 01:15:00+00:00,,,FIB_RETRACE,boom:FIB_RETRACE:2025-12-08T01:00:00+00:00,1,6520.263252,6524.399076,6518.757734142857,6539.188,6.022071428571443,,,expired,no_observed_touch,False,False,,,
2025-12-08 03:00:00+00:00,2025-12-08 03:01:00+00:00,2025-12-08 03:15:00+00:00,2025-12-08 03:30:01+00:00,,,2025-12-08 03:15:00+00:00,,,FIB_RETRACE,boom:FIB_RETRACE:2025-12-08T03:00:00+00:00,1,6508.81735,6515.03755,6507.12585,6536.839,6.765999999999947,,,expired,no_observed_touch,False,False,,,
2025-12-08 16:00:00+00:00,2025-12-08 16:01:00+00:00,2025-12-08 16:15:00+00:00,2025-12-08 16:30:01+00:00,,,2025-12-08 16:15:00+00:00,,,FIB_RETRACE,boom:FIB_RETRACE:2025-12-08T16:00:00+00:00,1,6554.58593,6560.633089999999,6552.785108571429,6582.076,7.203285714285682,,,expired,no_observed_touch,False,False,,,
2025-12-08 17:00:00+00:00,2025-12-08 17:01:00+00:00,2025-12-08 17:15:00+00:00,2025-12-08 17:30:01+00:00,,,2025-12-08 17:15:00+00:00,,,FIB_RETRACE,boom:FIB_RETRACE:2025-12-08T17:00:00+00:00,1,6578.81588,6585.77444,6576.96413,6608.055,7.406999999999893,,,expired,no_observed_touch,False,False,,,
2025-12-10 12:30:00+00:00,2025-12-10 12:31:00+00:00,2025-12-10 12:45:00+00:00,2025-12-10 13:00:01+00:00,,,2025-12-10 12:45:00+00:00,,,FIB_RETRACE,boom:FIB_RETRACE:2025-12-10T12:30:00+00:00,1,6380.15147,6388.48511,6378.287309285714,6405.335,7.456642857142989,,,expired,no_observed_touch,False,False,,,
2025-12-11 15:00:00+00:00,2025-12-11 15:01:00+00:00,2025-12-11 15:15:00+00:00,2025-12-11 15:30:01+00:00,,,2025-12-11 15:15:00+00:00,,,FIB_RETRACE,boom:FIB_RETRACE:2025-12-11T15:00:00+00:00,1,6330.005410000001,6333.58633,6328.451660000001,6344.89,6.214999999999951,,,expired,no_observed_touch,False,False,,,
2025-12-12 06:00:00+00:00,2025-12-12 06:01:00+00:00,2025-12-12 06:15:00+00:00,2025-12-12 06:30:01+00:00,,,2025-12-12 06:15:00+00:00,,,FIB_RETRACE,boom:FIB_RETRACE:2025-12-12T06:00:00+00:00,1,6285.447556,6292.344628000001,6283.654395285715,6316.317,7.1726428571428835,,,expired,no_observed_touch,False,False,,,
2025-12-12 20:00:00+00:00,2025-12-12 20:01:00+00:00,2025-12-12 20:15:00+00:00,2025-12-12 20:30:01+00:00,,,2025-12-12 20:15:00+00:00,,,FIB_RETRACE,boom:FIB_RETRACE:2025-12-12T20:00:00+00:00,1,6318.754098,6323.190474,6317.0649730000005,6336.254,6.7565000000001545,,,expired,no_observed_touch,False,False,,,
2025-12-12 21:00:00+00:00,2025-12-12 21:01:00+00:00,2025-12-12 21:15:00+00:00,2025-12-12 21:30:01+00:00,,,2025-12-12 21:15:00+00:00,,,FIB_RETRACE,boom:FIB_RETRACE:2025-12-12T21:00:00+00:00,1,6335.097152,6341.979776,6333.4022591428575,6365.466,6.779571428571411,,,expired,no_observed_touch,False,False,,,
2025-12-14 01:00:00+00:00,2025-12-14 01:01:00+00:00,2025-12-14 01:15:00+00:00,2025-12-14 01:30:01+00:00,,,2025-12-14 01:15:00+00:00,,,FIB_RETRACE,boom:FIB_RETRACE:2025-12-14T01:00:00+00:00,1,6359.804978,6364.059914,6358.3923351428575,6376.661,5.650571428571571,,,expired,no_observed_touch,False,False,,,
2025-12-14 08:30:00+00:00,2025-12-14 08:31:00+00:00,2025-12-14 08:45:00+00:00,2025-12-14 09:00:01+00:00,,,2025-12-14 08:45:00+00:00,,,FIB_RETRACE,boom:FIB_RETRACE:2025-12-14T08:30:00+00:00,1,6391.639784,6399.998792,6389.697034,6428.325,7.770999999999991,,,expired,no_observed_touch,False,False,,,
2025-12-14 09:00:00+00:00,2025-12-14 09:01:00+00:00,2025-12-14 09:15:00+00:00,2025-12-14 09:30:01+00:00,,,2025-12-14 09:15:00+00:00,,,FIB_RETRACE,boom:FIB_RETRACE:2025-12-14T09:00:00+00:00,1,6397.471058,6406.214954,6395.605700857143,6436.691,7.461428571428509,,,expired,no_observed_touch,False,False,,,
2025-12-14 09:30:00+00:00,2025-12-14 09:31:00+00:00,2025-12-14 09:45:00+00:00,2025-12-14 10:00:01+00:00,,,2025-12-14 09:45:00+00:00,,,FIB_RETRACE,boom:FIB_RETRACE:2025-12-14T09:30:00+00:00,1,6422.22048,6425.71824,6420.755105,6436.355,5.861499999999978,,,expired,no_observed_touch,False,False,,,
2025-12-14 14:00:00+00:00,2025-12-14 14:01:00+00:00,2025-12-14 14:15:00+00:00,2025-12-14 14:30:01+00:00,,,2025-12-14 14:15:00+00:00,,,FIB_RETRACE,boom:FIB_RETRACE:2025-12-14T14:00:00+00:00,1,6396.178206,6403.995078,6394.257295285714,6432.704,7.6836428571429805,,,expired,no_observed_touch,False,False,,,
2025-12-15 10:00:00+00:00,2025-12-15 10:01:00+00:00,2025-12-15 10:15:00+00:00,2025-12-15 10:30:01+00:00,,,2025-12-15 10:15:00+00:00,,,FIB_RETRACE,boom:FIB_RETRACE:2025-12-15T10:00:00+00:00,1,6375.852976,6385.275088,6374.153029571428,6417.271,6.7997857142859175,,,expired,no_observed_touch,False,False,,,
2025-12-15 15:00:00+00:00,2025-12-15 15:01:00+00:00,2025-12-15 15:15:00+00:00,2025-12-15 15:30:01+00:00,,,2025-12-15 15:15:00+00:00,,,FIB_RETRACE,boom:FIB_RETRACE:2025-12-15T15:00:00+00:00,1,6439.782538,6448.580194,6437.854573714286,6478.17,7.711857142857168,,,expired,no_observed_touch,False,False,,,
2025-12-15 17:00:00+00:00,2025-12-15 17:01:00+00:00,2025-12-15 17:15:00+00:00,2025-12-15 17:30:01+00:00,,,2025-12-15 17:15:00+00:00,,,FIB_RETRACE,boom:FIB_RETRACE:2025-12-15T17:00:00+00:00,1,6459.729426000001,6466.240938000001,6458.066551000001,6489.004,6.651500000000007,,,expired,no_observed_touch,False,False,,,
2025-12-15 18:30:00+00:00,2025-12-15 18:31:00+00:00,2025-12-15 18:45:00+00:00,2025-12-15 19:00:01+00:00,,,2025-12-15 18:45:00+00:00,,,FIB_RETRACE,boom:FIB_RETRACE:2025-12-15T18:30:00+00:00,1,6499.125188,6503.970644,6497.575866571428,6520.581,6.197285714285759,,,expired,no_observed_touch,False,False,,,
2025-12-15 23:00:00+00:00,2025-12-15 23:01:00+00:00,2025-12-15 23:15:00+00:00,2025-12-15 23:30:01+00:00,,,2025-12-15 23:15:00+00:00,,,FIB_RETRACE,boom:FIB_RETRACE:2025-12-15T23:00:00+00:00,1,6508.542772,6515.564836,6506.593379142857,6540.779,7.797571428571506,,,expired,no_observed_touch,False,False,,,
2025-12-16 00:00:00+00:00,2025-12-16 00:01:00+00:00,2025-12-16 00:15:00+00:00,2025-12-16 00:30:01+00:00,,,2025-12-16 00:15:00+00:00,,,FIB_RETRACE,boom:FIB_RETRACE:2025-12-16T00:00:00+00:00,1,6542.588544,6546.552672,6540.738186857143,6559.563,7.401428571428498,,,expired,no_observed_touch,False,False,,,
2025-12-16 13:30:00+00:00,2025-12-16 13:31:00+00:00,2025-12-16 13:45:00+00:00,2025-12-16 14:00:01+00:00,,,2025-12-16 13:45:00+00:00,,,FIB_RETRACE,boom:FIB_RETRACE:2025-12-16T13:30:00+00:00,1,6571.399678,6581.711014,6569.399249428571,6617.256,8.001714285714375,,,expired,no_observed_touch,False,False,,,
2025-12-17 00:00:00+00:00,2025-12-17 00:01:00+00:00,2025-12-17 00:15:00+00:00,2025-12-17 00:30:01+00:00,,,2025-12-17 00:15:00+00:00,,,FIB_RETRACE,boom:FIB_RETRACE:2025-12-17T00:00:00+00:00,1,6551.776674000001,6557.302362,6549.890763285715,6574.45,7.543642857142784,,,expired,no_observed_touch,False,False,,,
2025-12-17 00:30:00+00:00,2025-12-17 00:31:00+00:00,2025-12-17 00:45:00+00:00,2025-12-17 01:00:01+00:00,,,2025-12-17 00:45:00+00:00,,,FIB_RETRACE,boom:FIB_RETRACE:2025-12-17T00:30:00+00:00,1,6558.872248,6562.926424,6557.408105142857,6576.277,5.856571428571377,,,expired,no_observed_touch,False,False,,,
2025-12-17 04:00:00+00:00,2025-12-17 04:01:00+00:00,2025-12-17 04:15:00+00:00,2025-12-17 04:30:01+00:00,,,2025-12-17 04:15:00+00:00,,,FIB_RETRACE,boom:FIB_RETRACE:2025-12-17T04:00:00+00:00,1,6597.7219700000005,6604.24961,6596.038077142857,6626.141,6.7355714285713475,,,expired,no_observed_touch,False,False,,,
2025-12-17 04:30:00+00:00,2025-12-17 04:31:00+00:00,2025-12-17 04:45:00+00:00,2025-12-17 05:00:01+00:00,,,2025-12-17 04:45:00+00:00,,,FIB_RETRACE,boom:FIB_RETRACE:2025-12-17T04:30:00+00:00,1,6603.568976,6609.211088,6601.975493857142,6627.11,6.3739285714284835,,,expired,no_observed_touch,False,False,,,
2025-12-18 08:00:00+00:00,2025-12-18 08:01:00+00:00,2025-12-18 08:15:00+00:00,2025-12-18 08:30:01+00:00,,,2025-12-18 08:15:00+00:00,,,FIB_RETRACE,boom:FIB_RETRACE:2025-12-18T08:00:00+00:00,1,6608.74982,6614.14766,6607.154623571429,6630.829,6.380785714285529,,,expired,no_observed_touch,False,False,,,
2025-12-19 23:00:00+00:00,2025-12-19 23:01:00+00:00,2025-12-19 23:15:00+00:00,2025-12-19 23:30:01+00:00,2025-12-19 23:13:25+00:00,2025-12-19 23:13:26+00:00,2025-12-19 23:28:26+00:00,,,FIB_RETRACE,boom:FIB_RETRACE:2025-12-19T23:00:00+00:00,1,6532.37526,6538.60638,6530.885152857143,6546.968,5.960428571428565,6538.587,6538.048,completed,time,False,False,-0.045214869496497015,-0.09521486949649702,15.0
2025-12-20 08:00:00+00:00,2025-12-20 08:01:00+00:00,2025-12-20 08:15:00+00:00,2025-12-20 08:30:01+00:00,,,2025-12-20 08:15:00+00:00,,,FIB_RETRACE,boom:FIB_RETRACE:2025-12-20T08:00:00+00:00,1,6445.53586,6451.16218,6443.764931428572,6471.733,7.08371428571432,,,expired,no_observed_touch,False,False,,,
2025-12-20 09:00:00+00:00,2025-12-20 09:01:00+00:00,2025-12-20 09:15:00+00:00,2025-12-20 09:30:01+00:00,,,2025-12-20 09:15:00+00:00,,,FIB_RETRACE,boom:FIB_RETRACE:2025-12-20T09:00:00+00:00,1,6470.002706,6475.005578,6468.342634571429,6488.324,6.640285714285775,,,expired,no_observed_touch,False,False,,,
2025-12-20 11:00:00+00:00,2025-12-20 11:01:00+00:00,2025-12-20 11:15:00+00:00,2025-12-20 11:30:01+00:00,,,2025-12-20 11:15:00+00:00,,,FIB_RETRACE,boom:FIB_RETRACE:2025-12-20T11:00:00+00:00,1,6472.842532,6483.281716,6470.778549857143,6520.19,8.25592857142874,,,expired,no_observed_touch,False,False,,,
2025-12-20 11:30:00+00:00,2025-12-20 11:31:00+00:00,2025-12-20 11:45:00+00:00,2025-12-20 12:00:01+00:00,,,2025-12-20 11:45:00+00:00,,,FIB_RETRACE,boom:FIB_RETRACE:2025-12-20T11:30:00+00:00,1,6494.726288,6504.636944,6492.509716571429,6539.446,8.866285714285757,,,expired,no_observed_touch,False,False,,,
2025-12-20 12:00:00+00:00,2025-12-20 12:01:00+00:00,2025-12-20 12:15:00+00:00,2025-12-20 12:30:01+00:00,,,2025-12-20 12:15:00+00:00,,,FIB_RETRACE,boom:FIB_RETRACE:2025-12-20T12:00:00+00:00,1,6525.349174,6530.412862,6523.495388285714,6543.521,7.415142857142915,,,expired,no_observed_touch,False,False,,,
2025-12-21 20:00:00+00:00,2025-12-21 20:01:00+00:00,2025-12-21 20:15:00+00:00,2025-12-21 20:30:01+00:00,,,2025-12-21 20:15:00+00:00,,,FIB_RETRACE,boom:FIB_RETRACE:2025-12-21T20:00:00+00:00,1,6529.76789,6535.41857,6528.220229285715,6555.825,6.190642857142913,,,expired,no_observed_touch,False,False,,,
2025-12-22 12:00:00+00:00,2025-12-22 12:01:00+00:00,2025-12-22 12:15:00+00:00,2025-12-22 12:30:01+00:00,,,2025-12-22 12:15:00+00:00,,,FIB_RETRACE,boom:FIB_RETRACE:2025-12-22T12:00:00+00:00,1,6515.658322,6522.398986,6513.999625571429,6546.906,6.634785714285824,,,expired,no_observed_touch,False,False,,,
2025-12-22 14:00:00+00:00,2025-12-22 14:01:00+00:00,2025-12-22 14:15:00+00:00,2025-12-22 14:30:01+00:00,,,2025-12-22 14:15:00+00:00,,,FIB_RETRACE,boom:FIB_RETRACE:2025-12-22T14:00:00+00:00,1,6557.08583,6564.70379,6555.156258571428,6592.322,7.71828571428562,,,expired,no_observed_touch,False,False,,,
2025-12-22 14:30:00+00:00,2025-12-22 14:31:00+00:00,2025-12-22 14:45:00+00:00,2025-12-22 15:00:01+00:00,,,2025-12-22 14:45:00+00:00,,,FIB_RETRACE,boom:FIB_RETRACE:2025-12-22T14:30:00+00:00,1,6572.245008,6576.776304,6570.337436571428,6593.295,7.630285714285686,,,expired,no_observed_touch,False,False,,,
2025-12-22 15:30:00+00:00,2025-12-22 15:31:00+00:00,2025-12-22 15:45:00+00:00,2025-12-22 16:00:01+00:00,,,2025-12-22 15:45:00+00:00,,,FIB_RETRACE,boom:FIB_RETRACE:2025-12-22T15:30:00+00:00,1,6594.846376,6597.985288,6593.163822428572,6608.365,6.730214285714218,,,expired,no_observed_touch,False,False,,,
2025-12-23 12:00:00+00:00,2025-12-23 12:01:00+00:00,2025-12-23 12:15:00+00:00,2025-12-23 12:30:01+00:00,,,2025-12-23 12:15:00+00:00,,,FIB_RETRACE,boom:FIB_RETRACE:2025-12-23T12:00:00+00:00,1,6484.40618,6488.75234,6483.085322857143,6501.811,5.28342857142856,,,expired,no_observed_touch,False,False,,,
2025-12-24 08:30:00+00:00,2025-12-24 08:31:00+00:00,2025-12-24 08:45:00+00:00,2025-12-24 09:00:01+00:00,,,2025-12-24 08:45:00+00:00,,,FIB_RETRACE,boom:FIB_RETRACE:2025-12-24T08:30:00+00:00,1,6455.03208,6460.86504,6453.3985085714285,6481.188,6.534285714285683,,,expired,no_observed_touch,False,False,,,
2025-12-24 09:00:00+00:00,2025-12-24 09:01:00+00:00,2025-12-24 09:15:00+00:00,2025-12-24 09:30:01+00:00,,,2025-12-24 09:15:00+00:00,,,FIB_RETRACE,boom:FIB_RETRACE:2025-12-24T09:00:00+00:00,1,6460.864028,6468.155564,6459.2175637142855,6492.401,6.585857142857094,,,expired,no_observed_touch,False,False,,,
2025-12-25 17:00:00+00:00,2025-12-25 17:01:00+00:00,2025-12-25 17:15:00+00:00,2025-12-25 17:30:01+00:00,,,2025-12-25 17:15:00+00:00,,,FIB_RETRACE,boom:FIB_RETRACE:2025-12-25T17:00:00+00:00,1,6232.5562119999995,6236.043556,6231.292372714285,6245.762,5.055357142857247,,,expired,no_observed_touch,False,False,,,
2025-12-25 19:00:00+00:00,2025-12-25 19:01:00+00:00,2025-12-25 19:15:00+00:00,2025-12-25 19:30:01+00:00,,,2025-12-25 19:15:00+00:00,,,FIB_RETRACE,boom:FIB_RETRACE:2025-12-25T19:00:00+00:00,1,6243.982538,6248.076194,6242.746555857143,6259.28,4.943928571428452,,,expired,no_observed_touch,False,False,,,
2025-12-25 19:30:00+00:00,2025-12-25 19:31:00+00:00,2025-12-25 19:45:00+00:00,2025-12-25 20:00:01+00:00,,,2025-12-25 19:45:00+00:00,,,FIB_RETRACE,boom:FIB_RETRACE:2025-12-25T19:30:00+00:00,1,6250.841024,6260.318912,6249.000345428572,6293.965,7.362714285714186,,,expired,no_observed_touch,False,False,,,
2025-12-27 18:30:00+00:00,2025-12-27 18:31:00+00:00,2025-12-27 18:45:00+00:00,2025-12-27 19:00:01+00:00,,,2025-12-27 18:45:00+00:00,,,FIB_RETRACE,boom:FIB_RETRACE:2025-12-27T18:30:00+00:00,1,6235.15011,6239.49543,6233.620949285714,6255.107,6.1166428571428435,,,expired,no_observed_touch,False,False,,,
2025-12-27 21:00:00+00:00,2025-12-27 21:01:00+00:00,2025-12-27 21:15:00+00:00,2025-12-27 21:30:01+00:00,,,2025-12-27 21:15:00+00:00,,,FIB_RETRACE,boom:FIB_RETRACE:2025-12-27T21:00:00+00:00,1,6219.193162,6222.919906,6217.637519142857,6234.571,6.222571428571492,,,expired,no_observed_touch,False,False,,,
2025-12-27 21:30:00+00:00,2025-12-27 21:31:00+00:00,2025-12-27 21:45:00+00:00,2025-12-27 22:00:01+00:00,,,2025-12-27 21:45:00+00:00,,,FIB_RETRACE,boom:FIB_RETRACE:2025-12-27T21:30:00+00:00,1,6222.068402,6225.318026,6220.529705571428,6237.159,6.154785714285741,,,expired,no_observed_touch,False,False,,,
2025-12-28 06:30:00+00:00,2025-12-28 06:31:00+00:00,2025-12-28 06:45:00+00:00,2025-12-28 07:00:01+00:00,,,2025-12-28 06:45:00+00:00,,,FIB_RETRACE,boom:FIB_RETRACE:2025-12-28T06:30:00+00:00,1,6240.226868,6247.948484,6238.411207285714,6274.944,7.262642857142899,,,expired,no_observed_touch,False,False,,,
2025-12-28 16:00:00+00:00,2025-12-28 16:01:00+00:00,2025-12-28 16:15:00+00:00,2025-12-28 16:30:01+00:00,,,2025-12-28 16:15:00+00:00,,,FIB_RETRACE,boom:FIB_RETRACE:2025-12-28T16:00:00+00:00,1,6259.118972,6269.467436,6257.043168428571,6305.517,8.303214285714343,,,expired,no_observed_touch,False,False,,,
2025-12-28 18:00:00+00:00,2025-12-28 18:01:00+00:00,2025-12-28 18:15:00+00:00,2025-12-28 18:30:01+00:00,,,2025-12-28 18:15:00+00:00,,,FIB_RETRACE,boom:FIB_RETRACE:2025-12-28T18:00:00+00:00,1,6303.074662,6306.255406,6301.752715571429,6317.657,5.287785714285876,,,expired,no_observed_touch,False,False,,,
2025-12-30 11:30:00+00:00,2025-12-30 11:31:00+00:00,2025-12-30 11:45:00+00:00,2025-12-30 12:00:01+00:00,,,2025-12-30 11:45:00+00:00,,,FIB_RETRACE,boom:FIB_RETRACE:2025-12-30T11:30:00+00:00,1,6361.096742,6367.254446,6359.504563428571,6389.376,6.368714285714369,,,expired,no_observed_touch,False,False,,,
2025-12-30 13:00:00+00:00,2025-12-30 13:01:00+00:00,2025-12-30 13:15:00+00:00,2025-12-30 13:30:01+00:00,,,2025-12-30 13:15:00+00:00,,,FIB_RETRACE,boom:FIB_RETRACE:2025-12-30T13:00:00+00:00,1,6396.77752,6400.5037600000005,6395.393734285714,6412.45,5.535142857142806,,,expired,no_observed_touch,False,False,,,
2025-12-30 13:30:00+00:00,2025-12-30 13:31:00+00:00,2025-12-30 13:45:00+00:00,2025-12-30 14:00:01+00:00,,,2025-12-30 13:45:00+00:00,,,FIB_RETRACE,boom:FIB_RETRACE:2025-12-30T13:30:00+00:00,1,6399.576348,6402.815724,6398.119347999999,6413.552,5.827999999999845,,,expired,no_observed_touch,False,False,,,
2025-12-30 17:00:00+00:00,2025-12-30 17:01:00+00:00,2025-12-30 17:15:00+00:00,2025-12-30 17:30:01+00:00,,,2025-12-30 17:15:00+00:00,,,FIB_RETRACE,boom:FIB_RETRACE:2025-12-30T17:00:00+00:00,1,6392.090268,6396.8886840000005,6390.438625142857,6412.632,6.606571428571442,,,expired,no_observed_touch,False,False,,,
2025-12-31 00:00:00+00:00,2025-12-31 00:01:00+00:00,2025-12-31 00:15:00+00:00,2025-12-31 00:30:01+00:00,,,2025-12-31 00:15:00+00:00,,,FIB_RETRACE,boom:FIB_RETRACE:2025-12-31T00:00:00+00:00,1,6377.734372,6386.587636,6375.937889857143,6416.751,7.185928571428576,,,expired,no_observed_touch,False,False,,,
2025-12-31 12:30:00+00:00,2025-12-31 12:31:00+00:00,2025-12-31 12:45:00+00:00,2025-12-31 13:00:01+00:00,,,2025-12-31 12:45:00+00:00,,,FIB_RETRACE,boom:FIB_RETRACE:2025-12-31T12:30:00+00:00,1,6432.181782,6438.819966,6430.579049857142,6460.76,6.410928571428615,,,expired,no_observed_touch,False,False,,,
2025-12-31 13:00:00+00:00,2025-12-31 13:01:00+00:00,2025-12-31 13:15:00+00:00,2025-12-31 13:30:01+00:00,,,2025-12-31 13:15:00+00:00,,,FIB_RETRACE,boom:FIB_RETRACE:2025-12-31T13:00:00+00:00,1,6447.655812,6454.738356,6446.0519191428575,6477.971,6.415571428571444,,,expired,no_observed_touch,False,False,,,
2026-01-01 21:00:00+00:00,2026-01-01 21:01:00+00:00,2026-01-01 21:15:00+00:00,2026-01-01 21:30:01+00:00,,,2026-01-01 21:15:00+00:00,,,FIB_RETRACE,boom:FIB_RETRACE:2026-01-01T21:00:00+00:00,1,6359.506538000001,6363.432194,6358.211323714287,6376.692,5.180857142857154,,,expired,no_observed_touch,False,False,,,
2026-01-03 08:00:00+00:00,2026-01-03 08:01:00+00:00,2026-01-03 08:15:00+00:00,2026-01-03 08:30:01+00:00,,,2026-01-03 08:15:00+00:00,,,FIB_RETRACE,boom:FIB_RETRACE:2026-01-03T08:00:00+00:00,1,6181.424248,6184.974424,6180.001837285715,6195.04,5.689642857142839,,,expired,no_observed_touch,False,False,,,
2026-01-03 14:00:00+00:00,2026-01-03 14:01:00+00:00,2026-01-03 14:15:00+00:00,2026-01-03 14:30:01+00:00,,,2026-01-03 14:15:00+00:00,,,FIB_RETRACE,boom:FIB_RETRACE:2026-01-03T14:00:00+00:00,1,6217.767954,6227.497002,6215.824043285715,6261.464,7.775642857142884,,,expired,no_observed_touch,False,False,,,
2026-01-04 00:00:00+00:00,2026-01-04 00:01:00+00:00,2026-01-04 00:15:00+00:00,2026-01-04 00:30:01+00:00,,,2026-01-04 00:15:00+00:00,,,FIB_RETRACE,boom:FIB_RETRACE:2026-01-04T00:00:00+00:00,1,6247.872376,6251.851288,6246.518733142857,6257.675,5.414571428571435,,,expired,no_observed_touch,False,False,,,
2026-01-04 00:30:00+00:00,2026-01-04 00:31:00+00:00,2026-01-04 00:45:00+00:00,2026-01-04 01:00:01+00:00,,,2026-01-04 00:45:00+00:00,,,FIB_RETRACE,boom:FIB_RETRACE:2026-01-04T00:30:00+00:00,1,6253.128116,6255.999908000001,6251.844687428571,6261.958,5.133714285714372,,,expired,no_observed_touch,False,False,,,
2026-01-04 08:00:00+00:00,2026-01-04 08:01:00+00:00,2026-01-04 08:15:00+00:00,2026-01-04 08:30:01+00:00,,,2026-01-04 08:15:00+00:00,,,FIB_RETRACE,boom:FIB_RETRACE:2026-01-04T08:00:00+00:00,1,6220.737014,6228.750782,6218.895567571429,6258.193,7.365785714285656,,,expired,no_observed_touch,False,False,,,
2026-01-04 11:30:00+00:00,2026-01-04 11:31:00+00:00,2026-01-04 11:45:00+00:00,2026-01-04 12:00:01+00:00,,,2026-01-04 11:45:00+00:00,,,FIB_RETRACE,boom:FIB_RETRACE:2026-01-04T11:30:00+00:00,1,6276.477502,6282.440326,6274.9581448571425,6302.874,6.077428571428625,,,expired,no_observed_touch,False,False,,,
2026-01-05 04:00:00+00:00,2026-01-05 04:01:00+00:00,2026-01-05 04:15:00+00:00,2026-01-05 04:30:01+00:00,,,2026-01-05 04:15:00+00:00,,,FIB_RETRACE,boom:FIB_RETRACE:2026-01-05T04:00:00+00:00,1,6200.462656,6205.536928,6199.136923857142,6224.008,5.302928571428571,,,expired,no_observed_touch,False,False,,,
2026-01-05 18:00:00+00:00,2026-01-05 18:01:00+00:00,2026-01-05 18:15:00+00:00,2026-01-05 18:30:01+00:00,,,2026-01-05 18:15:00+00:00,,,FIB_RETRACE,boom:FIB_RETRACE:2026-01-05T18:00:00+00:00,1,6331.872698,6338.560274,6330.187180142857,6360.643,6.742071428571372,,,expired,no_observed_touch,False,False,,,
2026-01-05 20:00:00+00:00,2026-01-05 20:01:00+00:00,2026-01-05 20:15:00+00:00,2026-01-05 20:30:01+00:00,,,2026-01-05 20:15:00+00:00,,,FIB_RETRACE,boom:FIB_RETRACE:2026-01-05T20:00:00+00:00,1,6373.44398,6381.77174,6371.6551228571425,6410.232,7.155428571428534,,,expired,no_observed_touch,False,False,,,
2026-01-06 02:00:00+00:00,2026-01-06 02:01:00+00:00,2026-01-06 02:15:00+00:00,2026-01-06 02:30:01+00:00,,,2026-01-06 02:15:00+00:00,,,FIB_RETRACE,boom:FIB_RETRACE:2026-01-06T02:00:00+00:00,1,6428.970476,6434.5705880000005,6427.391368857143,6453.461,6.316428571428593,,,expired,no_observed_touch,False,False,,,
2026-01-06 02:30:00+00:00,2026-01-06 02:31:00+00:00,2026-01-06 02:45:00+00:00,2026-01-06 03:00:01+00:00,,,2026-01-06 02:45:00+00:00,,,FIB_RETRACE,boom:FIB_RETRACE:2026-01-06T02:30:00+00:00,1,6438.221004,6442.250652,6436.8347539999995,6453.602,5.545000000000073,,,expired,no_observed_touch,False,False,,,
2026-01-06 03:00:00+00:00,2026-01-06 03:01:00+00:00,2026-01-06 03:15:00+00:00,2026-01-06 03:30:01+00:00,,,2026-01-06 03:15:00+00:00,,,FIB_RETRACE,boom:FIB_RETRACE:2026-01-06T03:00:00+00:00,1,6447.233072,6450.214736,6445.654143428572,6459.363,6.315714285714291,,,expired,no_observed_touch,False,False,,,
2026-01-06 07:00:00+00:00,2026-01-06 07:01:00+00:00,2026-01-06 07:15:00+00:00,2026-01-06 07:30:01+00:00,,,2026-01-06 07:15:00+00:00,,,FIB_RETRACE,boom:FIB_RETRACE:2026-01-06T07:00:00+00:00,1,6419.853382,6427.482766,6418.050060571429,6453.028,7.21328571428564,,,expired,no_observed_touch,False,False,,,
2026-01-06 13:00:00+00:00,2026-01-06 13:01:00+00:00,2026-01-06 13:15:00+00:00,2026-01-06 13:30:01+00:00,,,2026-01-06 13:15:00+00:00,,,FIB_RETRACE,boom:FIB_RETRACE:2026-01-06T13:00:00+00:00,1,6462.82911,6467.51043,6461.375127857143,6482.396,5.815928571428556,,,expired,no_observed_touch,False,False,,,
2026-01-06 15:00:00+00:00,2026-01-06 15:01:00+00:00,2026-01-06 15:15:00+00:00,2026-01-06 15:30:01+00:00,2026-01-06 15:08:12+00:00,2026-01-06 15:08:13+00:00,2026-01-06 15:23:13+00:00,,,FIB_RETRACE,boom:FIB_RETRACE:2026-01-06T15:00:00+00:00,1,6478.139268,6481.0896840000005,6476.9458215714285,6486.261,4.773785714285688,6481.06,6476.086,completed,time,False,False,-0.5209701794024107,-0.5709701794024108,15.0
2026-01-07 05:00:00+00:00,2026-01-07 05:01:00+00:00,2026-01-07 05:15:00+00:00,2026-01-07 05:30:01+00:00,,,2026-01-07 05:15:00+00:00,,,FIB_RETRACE,boom:FIB_RETRACE:2026-01-07T05:00:00+00:00,1,6491.382213999999,6496.842382,6489.648874714285,6514.723,6.933357142857143,,,expired,no_observed_touch,False,False,,,
2026-01-07 05:30:00+00:00,2026-01-07 05:31:00+00:00,2026-01-07 05:45:00+00:00,2026-01-07 06:00:01+00:00,,,2026-01-07 05:45:00+00:00,,,FIB_RETRACE,boom:FIB_RETRACE:2026-01-07T05:30:00+00:00,1,6500.12249,6505.252369999999,6498.450007857143,6521.679,6.689928571428546,,,expired,no_observed_touch,False,False,,,
2026-01-07 15:00:00+00:00,2026-01-07 15:01:00+00:00,2026-01-07 15:15:00+00:00,2026-01-07 15:30:01+00:00,,,2026-01-07 15:15:00+00:00,,,FIB_RETRACE,boom:FIB_RETRACE:2026-01-07T15:00:00+00:00,1,6489.030248,6494.176424,6487.373980142857,6513.069,6.625071428571313,,,expired,no_observed_touch,False,False,,,
2026-01-07 15:30:00+00:00,2026-01-07 15:31:00+00:00,2026-01-07 15:45:00+00:00,2026-01-07 16:00:01+00:00,,,2026-01-07 15:45:00+00:00,,,FIB_RETRACE,boom:FIB_RETRACE:2026-01-07T15:30:00+00:00,1,6493.3113539999995,6499.865202,6491.677157571428,6522.38,6.536785714285608,,,expired,no_observed_touch,False,False,,,
2026-01-07 20:30:00+00:00,2026-01-07 20:31:00+00:00,2026-01-07 20:45:00+00:00,2026-01-07 21:00:01+00:00,,,2026-01-07 20:45:00+00:00,,,FIB_RETRACE,boom:FIB_RETRACE:2026-01-07T20:30:00+00:00,1,6549.94056,6553.13928,6548.4542385714285,6563.989,5.945285714285807,,,expired,no_observed_touch,False,False,,,
2026-01-07 22:30:00+00:00,2026-01-07 22:31:00+00:00,2026-01-07 22:45:00+00:00,2026-01-07 23:00:01+00:00,,,2026-01-07 22:45:00+00:00,,,FIB_RETRACE,boom:FIB_RETRACE:2026-01-07T22:30:00+00:00,1,6579.47654,6585.54302,6577.911022142856,6594.277,6.262071428571419,,,expired,no_observed_touch,False,False,,,
2026-01-08 05:30:00+00:00,2026-01-08 05:31:00+00:00,2026-01-08 05:45:00+00:00,2026-01-08 06:00:01+00:00,,,2026-01-08 05:45:00+00:00,,,FIB_RETRACE,boom:FIB_RETRACE:2026-01-08T05:30:00+00:00,1,6623.606342,6628.067246,6622.103377714286,6644.426,6.011857142857025,,,expired,no_observed_touch,False,False,,,
2026-01-08 08:00:00+00:00,2026-01-08 08:01:00+00:00,2026-01-08 08:15:00+00:00,2026-01-08 08:30:01+00:00,,,2026-01-08 08:15:00+00:00,,,FIB_RETRACE,boom:FIB_RETRACE:2026-01-08T08:00:00+00:00,1,6658.5253920000005,6668.878896,6656.463945571429,6704.156,8.245785714285764,,,expired,no_observed_touch,False,False,,,
2026-01-08 17:00:00+00:00,2026-01-08 17:01:00+00:00,2026-01-08 17:15:00+00:00,2026-01-08 17:30:01+00:00,,,2026-01-08 17:15:00+00:00,,,FIB_RETRACE,boom:FIB_RETRACE:2026-01-08T17:00:00+00:00,1,6702.700604,6706.629452,6701.370496857143,6720.46,5.320428571428498,,,expired,no_observed_touch,False,False,,,
2026-01-09 07:00:00+00:00,2026-01-09 07:01:00+00:00,2026-01-09 07:15:00+00:00,2026-01-09 07:30:01+00:00,,,2026-01-09 07:15:00+00:00,,,FIB_RETRACE,boom:FIB_RETRACE:2026-01-09T07:00:00+00:00,1,6658.664332,6669.389116,6656.518349857143,6707.008,8.583928571428585,,,expired,no_observed_touch,False,False,,,
2026-01-09 13:00:00+00:00,2026-01-09 13:01:00+00:00,2026-01-09 13:15:00+00:00,2026-01-09 13:30:01+00:00,,,2026-01-09 13:15:00+00:00,,,FIB_RETRACE,boom:FIB_RETRACE:2026-01-09T13:00:00+00:00,1,6681.434586,6685.332018,6680.016336000001,6696.359,5.673000000000035,,,expired,no_observed_touch,False,False,,,
2026-01-09 13:30:00+00:00,2026-01-09 13:31:00+00:00,2026-01-09 13:45:00+00:00,2026-01-09 14:00:01+00:00,,,2026-01-09 13:45:00+00:00,,,FIB_RETRACE,boom:FIB_RETRACE:2026-01-09T13:30:00+00:00,1,6700.395038000001,6708.898694,6698.441073714286,6739.485,7.815857142857177,,,expired,no_observed_touch,False,False,,,
2026-01-10 11:30:00+00:00,2026-01-10 11:31:00+00:00,2026-01-10 11:45:00+00:00,2026-01-10 12:00:01+00:00,,,2026-01-10 11:45:00+00:00,,,FIB_RETRACE,boom:FIB_RETRACE:2026-01-10T11:30:00+00:00,1,6694.389038,6700.372694,6692.521645142858,6722.28,7.469571428571466,,,expired,no_observed_touch,False,False,,,
2026-01-11 17:30:00+00:00,2026-01-11 17:31:00+00:00,2026-01-11 17:45:00+00:00,2026-01-11 18:00:01+00:00,,,2026-01-11 17:45:00+00:00,,,FIB_RETRACE,boom:FIB_RETRACE:2026-01-11T17:30:00+00:00,1,6654.354126,6661.630038,6652.637393857143,6685.96,6.8669285714284864,,,expired,no_observed_touch,False,False,,,
2026-01-12 04:30:00+00:00,2026-01-12 04:31:00+00:00,2026-01-12 04:45:00+00:00,2026-01-12 05:00:01+00:00,,,2026-01-12 04:45:00+00:00,,,FIB_RETRACE,boom:FIB_RETRACE:2026-01-12T04:30:00+00:00,1,6626.24964,6631.75332,6624.740354285715,6650.605,6.0371428571428885,,,expired,no_observed_touch,False,False,,,
2026-01-13 04:30:00+00:00,2026-01-13 04:31:00+00:00,2026-01-13 04:45:00+00:00,2026-01-13 05:00:01+00:00,,,2026-01-13 04:45:00+00:00,,,FIB_RETRACE,boom:FIB_RETRACE:2026-01-13T04:30:00+00:00,1,6658.822294,6664.907422,6657.208008285714,6683.041,6.457142857142896,,,expired,no_observed_touch,False,False,,,
2026-01-13 06:30:00+00:00,2026-01-13 06:31:00+00:00,2026-01-13 06:45:00+00:00,2026-01-13 07:00:01+00:00,,,2026-01-13 06:45:00+00:00,,,FIB_RETRACE,boom:FIB_RETRACE:2026-01-13T06:30:00+00:00,1,6679.317066,6683.856258,6677.809262428571,6697.72,6.031214285714278,,,expired,no_observed_touch,False,False,,,
2026-01-13 13:30:00+00:00,2026-01-13 13:31:00+00:00,2026-01-13 13:45:00+00:00,2026-01-13 14:00:01+00:00,,,2026-01-13 13:45:00+00:00,,,FIB_RETRACE,boom:FIB_RETRACE:2026-01-13T13:30:00+00:00,1,6680.528157999999,6690.221254,6678.546247285713,6725.337,7.927642857142928,,,expired,no_observed_touch,False,False,,,
2026-01-16 12:00:00+00:00,2026-01-16 12:01:00+00:00,2026-01-16 12:15:00+00:00,2026-01-16 12:30:01+00:00,,,2026-01-16 12:15:00+00:00,,,FIB_RETRACE,boom:FIB_RETRACE:2026-01-16T12:00:00+00:00,1,6307.862322,6316.870986,6305.961482714286,6348.061,7.603357142857151,,,expired,no_observed_touch,False,False,,,
2026-01-16 12:30:00+00:00,2026-01-16 12:31:00+00:00,2026-01-16 12:45:00+00:00,2026-01-16 13:00:01+00:00,,,2026-01-16 12:45:00+00:00,,,FIB_RETRACE,boom:FIB_RETRACE:2026-01-16T12:30:00+00:00,1,6311.117048,6322.680824,6308.869976571428,6363.744,8.988285714285732,,,expired,no_observed_touch,False,False,,,
2026-01-16 17:00:00+00:00,2026-01-16 17:01:00+00:00,2026-01-16 17:15:00+00:00,2026-01-16 17:30:01+00:00,,,2026-01-16 17:15:00+00:00,,,FIB_RETRACE,boom:FIB_RETRACE:2026-01-16T17:00:00+00:00,1,6349.895947999999,6354.630524,6348.4445372857135,6370.689,5.805642857142759,,,expired,no_observed_touch,False,False,,,
2026-01-17 15:30:00+00:00,2026-01-17 15:31:00+00:00,2026-01-17 15:45:00+00:00,2026-01-17 16:00:01+00:00,,,2026-01-17 15:45:00+00:00,,,FIB_RETRACE,boom:FIB_RETRACE:2026-01-17T15:30:00+00:00,1,6430.033806,6435.901878000001,6428.489020285715,6451.257,6.179142857142779,,,expired,no_observed_touch,False,False,,,
2026-01-19 00:00:00+00:00,2026-01-19 00:01:00+00:00,2026-01-19 00:15:00+00:00,2026-01-19 00:30:01+00:00,,,,,2026-01-19 00:00:01+00:00,FIB_RETRACE,boom:FIB_RETRACE:2026-01-19T00:00:00+00:00,1,6351.400288,6356.0189439999995,6349.854216571428,6369.41,6.184285714285774,,,waiting_gap,unknown_before_touch,True,False,,,
2026-01-20 15:00:00+00:00,2026-01-20 15:01:00+00:00,2026-01-20 15:15:00+00:00,2026-01-20 15:30:01+00:00,,,2026-01-20 15:15:00+00:00,,,FIB_RETRACE,boom:FIB_RETRACE:2026-01-20T15:00:00+00:00,1,6384.469588,6389.163844,6382.996605857143,6404.293,5.891928571428577,,,expired,no_observed_touch,False,False,,,
2026-01-20 15:30:00+00:00,2026-01-20 15:31:00+00:00,2026-01-20 15:45:00+00:00,2026-01-20 16:00:01+00:00,,,2026-01-20 15:45:00+00:00,,,FIB_RETRACE,boom:FIB_RETRACE:2026-01-20T15:30:00+00:00,1,6389.814158,6398.247254,6387.987461571429,6428.622,7.306785714285719,,,expired,no_observed_touch,False,False,,,
2026-01-20 16:00:00+00:00,2026-01-20 16:01:00+00:00,2026-01-20 16:15:00+00:00,2026-01-20 16:30:01+00:00,,,2026-01-20 16:15:00+00:00,,,FIB_RETRACE,boom:FIB_RETRACE:2026-01-20T16:00:00+00:00,1,6411.063346,6418.797898,6409.129185285714,6447.064,7.736642857142864,,,expired,no_observed_touch,False,False,,,
2026-01-20 20:00:00+00:00,2026-01-20 20:01:00+00:00,2026-01-20 20:15:00+00:00,2026-01-20 20:30:01+00:00,,,2026-01-20 20:15:00+00:00,,,FIB_RETRACE,boom:FIB_RETRACE:2026-01-20T20:00:00+00:00,1,6443.182024000001,6450.139912000001,6441.573899000001,6467.571,6.432499999999956,,,expired,no_observed_touch,False,False,,,
2026-01-22 00:00:00+00:00,2026-01-22 00:01:00+00:00,2026-01-22 00:15:00+00:00,2026-01-22 00:30:01+00:00,,,2026-01-22 00:15:00+00:00,,,FIB_RETRACE,boom:FIB_RETRACE:2026-01-22T00:00:00+00:00,1,6327.77559,6335.11467,6325.803018571429,6360.126,7.89028571428571,,,expired,no_observed_touch,False,False,,,
2026-01-22 00:30:00+00:00,2026-01-22 00:31:00+00:00,2026-01-22 00:45:00+00:00,2026-01-22 01:00:01+00:00,,,2026-01-22 00:45:00+00:00,,,FIB_RETRACE,boom:FIB_RETRACE:2026-01-22T00:30:00+00:00,1,6337.413964,6344.239132,6335.7520890000005,6366.2,6.647499999999842,,,expired,no_observed_touch,False,False,,,
2026-01-22 02:00:00+00:00,2026-01-22 02:01:00+00:00,2026-01-22 02:15:00+00:00,2026-01-22 02:30:01+00:00,,,2026-01-22 02:15:00+00:00,,,FIB_RETRACE,boom:FIB_RETRACE:2026-01-22T02:00:00+00:00,1,6376.716912000001,6383.572656,6374.742608428573,6407.998,7.897214285714329,,,expired,no_observed_touch,False,False,,,
2026-01-24 06:00:00+00:00,2026-01-24 06:01:00+00:00,2026-01-24 06:15:00+00:00,2026-01-24 06:30:01+00:00,,,2026-01-24 06:15:00+00:00,,,FIB_RETRACE,boom:FIB_RETRACE:2026-01-24T06:00:00+00:00,1,6230.921698,6241.893274,6228.908823,6279.415,8.051500000000098,,,expired,no_observed_touch,False,False,,,
2026-01-25 22:30:00+00:00,2026-01-25 22:31:00+00:00,2026-01-25 22:45:00+00:00,2026-01-25 23:00:01+00:00,,,2026-01-25 22:45:00+00:00,,,FIB_RETRACE,boom:FIB_RETRACE:2026-01-25T22:30:00+00:00,1,6205.43945,6210.67685,6203.8607357142855,6228.997,6.314857142857103,,,expired,no_observed_touch,False,False,,,
2026-01-25 23:00:00+00:00,2026-01-25 23:01:00+00:00,2026-01-25 23:15:00+00:00,2026-01-25 23:30:01+00:00,,,2026-01-25 23:15:00+00:00,,,FIB_RETRACE,boom:FIB_RETRACE:2026-01-25T23:00:00+00:00,1,6215.90047,6224.99011,6213.99072,6258.257,7.639000000000059,,,expired,no_observed_touch,False,False,,,
2026-01-26 16:00:00+00:00,2026-01-26 16:01:00+00:00,2026-01-26 16:15:00+00:00,2026-01-26 16:30:01+00:00,,,2026-01-26 16:15:00+00:00,,,FIB_RETRACE,boom:FIB_RETRACE:2026-01-26T16:00:00+00:00,1,6135.37092,6142.55796,6133.722884285715,6167.558,6.59214285714279,,,expired,no_observed_touch,False,False,,,
2026-01-26 18:30:00+00:00,2026-01-26 18:31:00+00:00,2026-01-26 18:45:00+00:00,2026-01-26 19:00:01+00:00,,,2026-01-26 18:45:00+00:00,,,FIB_RETRACE,boom:FIB_RETRACE:2026-01-26T18:30:00+00:00,1,6160.973268,6168.039683999999,6159.272839428571,6188.374,6.801714285714362,,,expired,no_observed_touch,False,False,,,
2026-01-26 19:00:00+00:00,2026-01-26 19:01:00+00:00,2026-01-26 19:15:00+00:00,2026-01-26 19:30:01+00:00,,,2026-01-26 19:15:00+00:00,,,FIB_RETRACE,boom:FIB_RETRACE:2026-01-26T19:00:00+00:00,1,6182.924156,6187.452428,6181.234138142857,6202.275,6.760071428571401,,,expired,no_observed_touch,False,False,,,
2026-01-26 23:00:00+00:00,2026-01-26 23:01:00+00:00,2026-01-26 23:15:00+00:00,2026-01-26 23:30:01+00:00,,,2026-01-26 23:15:00+00:00,,,FIB_RETRACE,boom:FIB_RETRACE:2026-01-26T23:00:00+00:00,1,6191.461939999999,6199.89722,6189.729689999999,6229.053,6.928999999999958,,,expired,no_observed_touch,False,False,,,
2026-01-29 04:00:00+00:00,2026-01-29 04:01:00+00:00,2026-01-29 04:15:00+00:00,2026-01-29 04:30:01+00:00,,,2026-01-29 04:15:00+00:00,,,FIB_RETRACE,boom:FIB_RETRACE:2026-01-29T04:00:00+00:00,1,5971.830628,5975.073364,5970.589145857142,5986.099,4.965928571428516,,,expired,no_observed_touch,False,False,,,
2026-01-29 13:30:00+00:00,2026-01-29 13:31:00+00:00,2026-01-29 13:45:00+00:00,2026-01-29 14:00:01+00:00,,,2026-01-29 13:45:00+00:00,,,FIB_RETRACE,boom:FIB_RETRACE:2026-01-29T13:30:00+00:00,1,5986.182542,5990.273845999999,5984.881113428571,6004.052,5.205714285714358,,,expired,no_observed_touch,False,False,,,
2026-01-29 15:00:00+00:00,2026-01-29 15:01:00+00:00,2026-01-29 15:15:00+00:00,2026-01-29 15:30:01+00:00,,,2026-01-29 15:15:00+00:00,,,FIB_RETRACE,boom:FIB_RETRACE:2026-01-29T15:00:00+00:00,1,5993.311646,5997.7617979999995,5991.970199571429,6011.621,5.365785714285656,,,expired,no_observed_touch,False,False,,,
2026-01-30 08:00:00+00:00,2026-01-30 08:01:00+00:00,2026-01-30 08:15:00+00:00,2026-01-30 08:30:01+00:00,,,2026-01-30 08:15:00+00:00,,,FIB_RETRACE,boom:FIB_RETRACE:2026-01-30T08:00:00+00:00,1,5978.099586,5984.349018,5976.650818142857,6004.559,5.795071428571386,,,expired,no_observed_touch,False,False,,,
2026-01-30 10:00:00+00:00,2026-01-30 10:01:00+00:00,2026-01-30 10:15:00+00:00,2026-01-30 10:30:01+00:00,,,2026-01-30 10:15:00+00:00,,,FIB_RETRACE,boom:FIB_RETRACE:2026-01-30T10:00:00+00:00,1,5988.889078,5992.833213999999,5987.543203,6004.876,5.3834999999999775,,,expired,no_observed_touch,False,False,,,
2026-01-30 11:00:00+00:00,2026-01-30 11:01:00+00:00,2026-01-30 11:15:00+00:00,2026-01-30 11:30:01+00:00,,,2026-01-30 11:15:00+00:00,,,FIB_RETRACE,boom:FIB_RETRACE:2026-01-30T11:00:00+00:00,1,6004.089424,6011.568112,6002.199334714285,6035.843,7.560357142857031,,,expired,no_observed_touch,False,False,,,
2026-01-30 20:00:00+00:00,2026-01-30 20:01:00+00:00,2026-01-30 20:15:00+00:00,2026-01-30 20:30:01+00:00,,,2026-01-30 20:15:00+00:00,,,FIB_RETRACE,boom:FIB_RETRACE:2026-01-30T20:00:00+00:00,1,5954.7775520000005,5966.716976,5952.741141285715,6010.535,8.145642857142775,,,expired,no_observed_touch,False,False,,,
2026-01-30 23:00:00+00:00,2026-01-30 23:01:00+00:00,2026-01-30 23:15:00+00:00,2026-01-30 23:30:01+00:00,,,2026-01-30 23:15:00+00:00,,,FIB_RETRACE,boom:FIB_RETRACE:2026-01-30T23:00:00+00:00,1,6032.8801300000005,6044.017690000001,6030.866076428572,6084.773,8.056214285714304,,,expired,no_observed_touch,False,False,,,
2026-01-31 04:30:00+00:00,2026-01-31 04:31:00+00:00,2026-01-31 04:45:00+00:00,2026-01-31 05:00:01+00:00,,,2026-01-31 04:45:00+00:00,,,FIB_RETRACE,boom:FIB_RETRACE:2026-01-31T04:30:00+00:00,1,6052.103618,6057.074234,6050.6783322857145,6073.822,5.701142857142778,,,expired,no_observed_touch,False,False,,,
2026-01-31 07:00:00+00:00,2026-01-31 07:01:00+00:00,2026-01-31 07:15:00+00:00,2026-01-31 07:30:01+00:00,,,2026-01-31 07:15:00+00:00,,,FIB_RETRACE,boom:FIB_RETRACE:2026-01-31T07:00:00+00:00,1,6054.842738,6063.102794,6052.930398714286,6092.069,7.649357142857168,,,expired,no_observed_touch,False,False,,,
2026-02-01 05:00:00+00:00,2026-02-01 05:01:00+00:00,2026-02-01 05:15:00+00:00,2026-02-01 05:30:01+00:00,,,2026-02-01 05:15:00+00:00,,,FIB_RETRACE,boom:FIB_RETRACE:2026-02-01T05:00:00+00:00,1,5977.862856,5981.979528,5976.553284571428,5989.505,5.238285714285796,,,expired,no_observed_touch,False,False,,,
2026-02-01 20:00:00+00:00,2026-02-01 20:01:00+00:00,2026-02-01 20:15:00+00:00,2026-02-01 20:30:01+00:00,,,2026-02-01 20:15:00+00:00,,,FIB_RETRACE,boom:FIB_RETRACE:2026-02-01T20:00:00+00:00,1,5920.389258,5924.815554,5918.880043714285,5940.953,6.036857142857116,,,expired,no_observed_touch,False,False,,,
2026-02-02 09:30:00+00:00,2026-02-02 09:31:00+00:00,2026-02-02 09:45:00+00:00,2026-02-02 10:00:01+00:00,,,2026-02-02 09:45:00+00:00,,,FIB_RETRACE,boom:FIB_RETRACE:2026-02-02T09:30:00+00:00,1,5980.308172,5988.1030359999995,5978.473725571429,6016.354,7.337785714285734,,,expired,no_observed_touch,False,False,,,
2026-02-02 11:00:00+00:00,2026-02-02 11:01:00+00:00,2026-02-02 11:15:00+00:00,2026-02-02 11:30:01+00:00,,,2026-02-02 11:15:00+00:00,,,FIB_RETRACE,boom:FIB_RETRACE:2026-02-02T11:00:00+00:00,1,5999.046032,6003.479216000001,5997.793121285715,6019.431,5.0116428571427605,,,expired,no_observed_touch,False,False,,,
2026-02-02 13:00:00+00:00,2026-02-02 13:01:00+00:00,2026-02-02 13:15:00+00:00,2026-02-02 13:30:01+00:00,,,2026-02-02 13:15:00+00:00,,,FIB_RETRACE,boom:FIB_RETRACE:2026-02-02T13:00:00+00:00,1,6016.293074,6024.691562,6014.630663285714,6052.995,6.64964285714281,,,expired,no_observed_touch,False,False,,,
2026-02-02 13:30:00+00:00,2026-02-02 13:31:00+00:00,2026-02-02 13:45:00+00:00,2026-02-02 14:00:01+00:00,,,2026-02-02 13:45:00+00:00,,,FIB_RETRACE,boom:FIB_RETRACE:2026-02-02T13:30:00+00:00,1,6034.874716,6040.669708,6032.9402874285715,6061.91,7.737714285714056,,,expired,no_observed_touch,False,False,,,
2026-02-03 11:00:00+00:00,2026-02-03 11:01:00+00:00,2026-02-03 11:15:00+00:00,2026-02-03 11:30:01+00:00,,,2026-02-03 11:15:00+00:00,,,FIB_RETRACE,boom:FIB_RETRACE:2026-02-03T11:00:00+00:00,1,5889.9269460000005,5894.116698,5888.664374571429,5907.679,5.050285714285694,,,expired,no_observed_touch,False,False,,,
2026-02-03 13:00:00+00:00,2026-02-03 13:01:00+00:00,2026-02-03 13:15:00+00:00,2026-02-03 13:30:01+00:00,,,2026-02-03 13:15:00+00:00,,,FIB_RETRACE,boom:FIB_RETRACE:2026-02-03T13:00:00+00:00,1,5931.651392,5934.528896,5930.365106285714,5944.089,5.145142857142868,,,expired,no_observed_touch,False,False,,,
2026-02-03 20:00:00+00:00,2026-02-03 20:01:00+00:00,2026-02-03 20:15:00+00:00,2026-02-03 20:30:01+00:00,,,2026-02-03 20:15:00+00:00,,,FIB_RETRACE,boom:FIB_RETRACE:2026-02-03T20:00:00+00:00,1,5903.519507999999,5905.9928039999995,5902.277383,5911.283,4.968500000000079,,,expired,no_observed_touch,False,False,,,
2026-02-04 00:30:00+00:00,2026-02-04 00:31:00+00:00,2026-02-04 00:45:00+00:00,2026-02-04 01:00:01+00:00,,,2026-02-04 00:45:00+00:00,,,FIB_RETRACE,boom:FIB_RETRACE:2026-02-04T00:30:00+00:00,1,5929.643324000001,5934.240812,5927.927913285715,5948.606,6.86164285714293,,,expired,no_observed_touch,False,False,,,
2026-02-04 17:00:00+00:00,2026-02-04 17:01:00+00:00,2026-02-04 17:15:00+00:00,2026-02-04 17:30:01+00:00,,,2026-02-04 17:15:00+00:00,,,FIB_RETRACE,boom:FIB_RETRACE:2026-02-04T17:00:00+00:00,1,5889.016753999999,5897.771401999999,5887.304950428571,5927.243,6.847214285714342,,,expired,no_observed_touch,False,False,,,
2026-02-05 00:00:00+00:00,2026-02-05 00:01:00+00:00,2026-02-05 00:15:00+00:00,2026-02-05 00:30:01+00:00,,,2026-02-05 00:15:00+00:00,,,FIB_RETRACE,boom:FIB_RETRACE:2026-02-05T00:00:00+00:00,1,5886.1217799999995,5889.443139999999,5884.987601428571,5901.221,4.53671428571436,,,expired,no_observed_touch,False,False,,,
2026-02-05 03:00:00+00:00,2026-02-05 03:01:00+00:00,2026-02-05 03:15:00+00:00,2026-02-05 03:30:01+00:00,,,2026-02-05 03:15:00+00:00,,,FIB_RETRACE,boom:FIB_RETRACE:2026-02-05T03:00:00+00:00,1,5918.30689,5923.453570000001,5916.850568571428,5931.59,5.825285714285656,,,expired,no_observed_touch,False,False,,,
2026-02-06 04:00:00+00:00,2026-02-06 04:01:00+00:00,2026-02-06 04:15:00+00:00,2026-02-06 04:30:01+00:00,2026-02-06 04:10:26+00:00,2026-02-06 04:10:27+00:00,2026-02-06 04:25:27+00:00,,,FIB_RETRACE,boom:FIB_RETRACE:2026-02-06T04:00:00+00:00,1,5755.628442,5758.098546,5754.312513428572,5763.88,5.263714285714351,5758.091,5749.861,completed,time,False,False,-0.7817673560223986,-0.8317673560223986,15.0
2026-02-06 12:30:00+00:00,2026-02-06 12:31:00+00:00,2026-02-06 12:45:00+00:00,2026-02-06 13:00:01+00:00,,,2026-02-06 12:45:00+00:00,,,FIB_RETRACE,boom:FIB_RETRACE:2026-02-06T12:30:00+00:00,1,5733.792624,5743.001712,5731.939016857143,5774.775,7.414428571428679,,,expired,no_observed_touch,False,False,,,
2026-02-06 22:00:00+00:00,2026-02-06 22:01:00+00:00,2026-02-06 22:15:00+00:00,2026-02-06 22:30:01+00:00,,,2026-02-06 22:15:00+00:00,,,FIB_RETRACE,boom:FIB_RETRACE:2026-02-06T22:00:00+00:00,1,5763.547184,5768.310992000001,5762.207719714285,5784.9,5.357857142857158,,,expired,no_observed_touch,False,False,,,
2026-02-07 02:00:00+00:00,2026-02-07 02:01:00+00:00,2026-02-07 02:15:00+00:00,2026-02-07 02:30:01+00:00,,,2026-02-07 02:15:00+00:00,,,FIB_RETRACE,boom:FIB_RETRACE:2026-02-07T02:00:00+00:00,1,5750.8734779999995,5755.002414,5749.640120857142,5768.867,4.9334285714285215,,,expired,no_observed_touch,False,False,,,
2026-02-07 20:00:00+00:00,2026-02-07 20:01:00+00:00,2026-02-07 20:15:00+00:00,2026-02-07 20:30:01+00:00,,,2026-02-07 20:15:00+00:00,,,FIB_RETRACE,boom:FIB_RETRACE:2026-02-07T20:00:00+00:00,1,5729.0584,5733.5272,5727.549632142857,5748.33,6.0350714285714275,,,expired,no_observed_touch,False,False,,,
2026-02-07 21:00:00+00:00,2026-02-07 21:01:00+00:00,2026-02-07 21:15:00+00:00,2026-02-07 21:30:01+00:00,,,2026-02-07 21:15:00+00:00,,,FIB_RETRACE,boom:FIB_RETRACE:2026-02-07T21:00:00+00:00,1,5751.413748,5756.685924,5749.867444428572,5775.045,6.18521428571408,,,expired,no_observed_touch,False,False,,,
2026-02-08 00:00:00+00:00,2026-02-08 00:01:00+00:00,2026-02-08 00:15:00+00:00,2026-02-08 00:30:01+00:00,,,2026-02-08 00:15:00+00:00,,,FIB_RETRACE,boom:FIB_RETRACE:2026-02-08T00:00:00+00:00,1,5752.1473000000005,5760.2869,5750.465460714287,5787.726,6.727357142857012,,,expired,no_observed_touch,False,False,,,
2026-02-08 03:00:00+00:00,2026-02-08 03:01:00+00:00,2026-02-08 03:15:00+00:00,2026-02-08 03:30:01+00:00,,,2026-02-08 03:15:00+00:00,,,FIB_RETRACE,boom:FIB_RETRACE:2026-02-08T03:00:00+00:00,1,5806.425354,5812.223202,5804.841961142857,5832.602,6.3335714285714335,,,expired,no_observed_touch,False,False,,,
2026-02-08 03:30:00+00:00,2026-02-08 03:31:00+00:00,2026-02-08 03:45:00+00:00,2026-02-08 04:00:01+00:00,,,2026-02-08 03:45:00+00:00,,,FIB_RETRACE,boom:FIB_RETRACE:2026-02-08T03:30:00+00:00,1,5814.999042,5818.964346000001,5813.485506285715,5830.394,6.054142857142908,,,expired,no_observed_touch,False,False,,,
2026-02-08 19:30:00+00:00,2026-02-08 19:31:00+00:00,2026-02-08 19:45:00+00:00,2026-02-08 20:00:01+00:00,,,2026-02-08 19:45:00+00:00,,,FIB_RETRACE,boom:FIB_RETRACE:2026-02-08T19:30:00+00:00,1,5682.531,5687.067,5680.9232678571425,5701.597,6.430928571428597,,,expired,no_observed_touch,False,False,,,
2026-02-09 06:00:00+00:00,2026-02-09 06:01:00+00:00,2026-02-09 06:15:00+00:00,2026-02-09 06:30:01+00:00,,,2026-02-09 06:15:00+00:00,,,FIB_RETRACE,boom:FIB_RETRACE:2026-02-09T06:00:00+00:00,1,5720.923326,5725.309638,5719.409004571428,5740.285,6.0572857142856265,,,expired,no_observed_touch,False,False,,,
2026-02-09 09:00:00+00:00,2026-02-09 09:01:00+00:00,2026-02-09 09:15:00+00:00,2026-02-09 09:30:01+00:00,,,2026-02-09 09:15:00+00:00,,,FIB_RETRACE,boom:FIB_RETRACE:2026-02-09T09:00:00+00:00,1,5725.2051599999995,5727.79908,5724.084606428571,5734.882,4.482214285714365,,,expired,no_observed_touch,False,False,,,
2026-02-09 10:00:00+00:00,2026-02-09 10:01:00+00:00,2026-02-09 10:15:00+00:00,2026-02-09 10:30:01+00:00,,,2026-02-09 10:15:00+00:00,,,FIB_RETRACE,boom:FIB_RETRACE:2026-02-09T10:00:00+00:00,1,5741.615472,5747.385936000001,5739.838722,5766.168,7.107000000000165,,,expired,no_observed_touch,False,False,,,
2026-02-09 12:00:00+00:00,2026-02-09 12:01:00+00:00,2026-02-09 12:15:00+00:00,2026-02-09 12:30:01+00:00,,,2026-02-09 12:15:00+00:00,,,FIB_RETRACE,boom:FIB_RETRACE:2026-02-09T12:00:00+00:00,1,5735.3764,5740.4332,5733.963310714285,5759.026,5.652357142857064,,,expired,no_observed_touch,False,False,,,
2026-02-10 02:30:00+00:00,2026-02-10 02:31:00+00:00,2026-02-10 02:45:00+00:00,2026-02-10 03:00:01+00:00,,,2026-02-10 02:45:00+00:00,,,FIB_RETRACE,boom:FIB_RETRACE:2026-02-10T02:30:00+00:00,1,5804.368278,5809.622814,5802.941188714286,5828.297,5.708357142857169,,,expired,no_observed_touch,False,False,,,
2026-02-10 07:30:00+00:00,2026-02-10 07:31:00+00:00,2026-02-10 07:45:00+00:00,2026-02-10 08:00:01+00:00,,,2026-02-10 07:45:00+00:00,,,FIB_RETRACE,boom:FIB_RETRACE:2026-02-10T07:30:00+00:00,1,5856.757752,5861.607576,5855.269769857144,5878.42,5.951928571428588,,,expired,no_observed_touch,False,False,,,
2026-02-10 12:00:00+00:00,2026-02-10 12:01:00+00:00,2026-02-10 12:15:00+00:00,2026-02-10 12:30:01+00:00,,,2026-02-10 12:15:00+00:00,,,FIB_RETRACE,boom:FIB_RETRACE:2026-02-10T12:00:00+00:00,1,5856.4980160000005,5862.284608,5854.970462428572,5881.993,6.110214285714262,,,expired,no_observed_touch,False,False,,,
2026-02-11 03:30:00+00:00,2026-02-11 03:31:00+00:00,2026-02-11 03:45:00+00:00,2026-02-11 04:00:01+00:00,,,2026-02-11 03:45:00+00:00,,,FIB_RETRACE,boom:FIB_RETRACE:2026-02-11T03:30:00+00:00,1,5873.278236,5876.919468,5871.881450285714,5886.521,5.58714285714281,,,expired,no_observed_touch,False,False,,,
2026-02-11 05:00:00+00:00,2026-02-11 05:01:00+00:00,2026-02-11 05:15:00+00:00,2026-02-11 05:30:01+00:00,,,2026-02-11 05:15:00+00:00,,,FIB_RETRACE,boom:FIB_RETRACE:2026-02-11T05:00:00+00:00,1,5869.87514,5874.07682,5868.567211428572,5887.686,5.231714285714198,,,expired,no_observed_touch,False,False,,,
